state_abbr,state_name,census_subregion,census_region,year,population,od_synth_latest_month_count_year,od_synth_latest_month_per100k_year,od_synth_year_sum_count,od_synth_year_sum_per100k,od_synth_year_end_12mo_count,od_synth_year_end_12mo_per100k,od_all_latest_month_count_year,od_all_latest_month_per100k_year,od_all_year_sum_count,od_all_year_sum_per100k,od_all_year_end_12mo_count,od_all_year_end_12mo_per100k,fentanyl_laws_total,fentanyl_laws_possession,fentanyl_laws_distribution_delivery,fentanyl_laws_exposing_others,fentanyl_laws_other,fentanyl_laws_sum_by_type,nflis_reports_year,nflis_unique_substances_year,nflis_unique_bases_year,cnx_recv_shipments_year,cnx_recv_quantity_kg_year,cnx_recv_value_usd_year,cnx_recv_unique_hs6_year,cnx_recv_chem_shipments_year,cnx_recv_chem_quantity_kg_year,cnx_recv_chem_value_usd_year,cnx_recv_chem_unique_chemicals_year,cnx_send_shipments_year,cnx_send_quantity_kg_year,cnx_send_value_usd_year,cnx_send_unique_hs6_year,cnx_send_chem_shipments_year,cnx_send_chem_quantity_kg_year,cnx_send_chem_value_usd_year,cnx_send_chem_unique_chemicals_year
AK,Alaska,Pacific,West,2015,738432,,,,,,,7,0.947955,7,0.947955,86,11.646299,0,0,0,0,0,0,0,0,0,0,0,0,0,0,0,0,0,0,0,0,0,0,0,0,0
AL,Alabama,East South Central,South,2015,4858979,,,,,,,,,,,,,6,1,4,1,0,6,0,0,0,0,0,0,0,0,0,0,0,0,0,0,0,0,0,0,0
AR,Arkansas,West South Central,South,2015,2978204,,,,,,,,,,,,,9,2,5,1,3,11,0,0,0,0,0,0,0,0,0,0,0,0,0,0,0,0,0,0,0
AZ,Arizona,Mountain,West,2015,6828065,,,,,,,,,,,,,1,0,1,0,0,1,0,0,0,0,0,0,0,0,0,0,0,0,0,0,0,0,0,0,0
CA,California,Pacific,West,2015,39144818,,,,,,,,,,,,,5,2,0,0,3,5,0,0,0,0,0,0,0,0,0,0,0,0,0,0,0,0,0,0,0
CO,Colorado,Mountain,West,2015,5456574,,,,,,,,,,,,,8,3,3,0,2,8,0,0,0,0,0,0,0,0,0,0,0,0,0,0,0,0,0,0,0
CT,Connecticut,New England,Northeast,2015,3590886,17.833333,0.496628,355.166667,9.890781,214,5.959532,57.166667,1.591993,680,18.936831,686,19.10392,0,0,0,0,0,0,0,0,0,0,0,0,0,0,0,0,0,0,0,0,0,0,0,0,0
DE,Delaware,South Atlantic,South,2015,945934,,,,,,,,,,,,,0,0,0,0,0,0,0,0,0,0,0,0,0,0,0,0,0,0,0,0,0,0,0,0,0
FL,Florida,South Atlantic,South,2015,20271272,,,,,,,,,,,,,5,0,3,1,1,5,0,0,0,0,0,0,0,0,0,0,0,0,0,0,0,0,0,0,0
GA,Georgia,South Atlantic,South,2015,10214860,24.416667,0.239031,394,3.857126,293,2.86837,72.333333,0.708119,950,9.300176,868,8.497424,1,0,1,0,0,1,0,0,0,0,0,0,0,0,0,0,0,0,0,0,0,0,0,0,0
HI,Hawaii,Pacific,West,2015,1431603,,,,,,,,,,,,,0,0,0,0,0,0,0,0,0,0,0,0,0,0,0,0,0,0,0,0,0,0,0,0,0
IA,Iowa,West North Central,Midwest,2015,3123899,3.666667,0.117375,41,1.312462,44,1.408496,13.666667,0.437487,160,5.121805,164,5.24985,1,0,1,0,0,1,0,0,0,0,0,0,0,0,0,0,0,0,0,0,0,0,0,0,0
ID,Idaho,Mountain,West,2015,1654930,,,,,,,,,,,,,1,0,1,0,0,1,0,0,0,0,0,0,0,0,0,0,0,0,0,0,0,0,0,0,0
IL,Illinois,East North Central,Midwest,2015,12859995,23.083333,0.179497,630,4.898913,277,2.153967,118.25,0.919518,1630,12.674966,1419,11.034219,2,1,1,0,0,2,0,0,0,0,0,0,0,0,0,0,0,0,0,0,0,0,0,0,0
IN,Indiana,East North Central,Midwest,2015,6619680,,,,,,,,,,,,,1,0,1,0,0,1,0,0,0,0,0,0,0,0,0,0,0,0,0,0,0,0,0,0,0
KS,Kansas,West North Central,Midwest,2015,2911641,,,,,,,,,,,,,4,0,3,0,1,4,0,0,0,0,0,0,0,0,0,0,0,0,0,0,0,0,0,0,0
KY,Kentucky,East South Central,South,2015,4425092,,,,,,,,,,,,,7,0,6,0,1,7,0,0,0,0,0,0,0,0,0,0,0,0,0,0,0,0,0,0,0
LA,Louisiana,West South Central,South,2015,4670724,,,,,,,,,,,,,4,1,3,0,0,4,0,0,0,0,0,0,0,0,0,0,0,0,0,0,0,0,0,0,0
MA,Massachusetts,New England,Northeast,2015,6794422,79.75,1.173757,957,14.085083,957,14.085083,129.083333,1.899843,1549,22.798113,1549,22.798113,1,0,1,0,0,1,0,0,0,0,0,0,0,0,0,0,0,0,0,0,0,0,0,0,0
MD,Maryland,South Atlantic,South,2015,6006401,31.083333,0.517503,904,15.05061,373,6.210042,94.166667,1.567772,1601,26.654897,1130,18.813263,3,1,2,0,0,3,0,0,0,0,0,0,0,0,0,0,0,0,0,0,0,0,0,0,0
ME,Maine,New England,Northeast,2015,1329328,9.166667,0.689571,136.833333,10.293421,110,8.274858,19.583333,1.473175,224,16.850619,235,17.678105,4,1,3,0,0,4,0,0,0,0,0,0,0,0,0,0,0,0,0,0,0,0,0,0,0
MI,Michigan,East North Central,Midwest,2015,9922576,,,,,,,,,,,,,0,0,0,0,0,0,0,0,0,0,0,0,0,0,0,0,0,0,0,0,0,0,0,0,0
MN,Minnesota,West North Central,Midwest,2015,5489594,,,,,,,,,,,,,3,2,1,0,0,3,0,0,0,0,0,0,0,0,0,0,0,0,0,0,0,0,0,0,0
MO,Missouri,West North Central,Midwest,2015,6083672,,,,,,,,,,,,,2,0,2,0,0,2,0,0,0,0,0,0,0,0,0,0,0,0,0,0,0,0,0,0,0
MS,Mississippi,East South Central,South,2015,2992333,,,,,,,,,,,,,1,0,1,0,0,1,0,0,0,0,0,0,0,0,0,0,0,0,0,0,0,0,0,0,0
MT,Montana,Mountain,West,2015,1032949,,,,,,,,,,,,,2,1,1,0,0,2,0,0,0,0,0,0,0,0,0,0,0,0,0,0,0,0,0,0,0
NC,North Carolina,South Atlantic,South,2015,10042802,25.083333,0.249764,481,4.7895,301,2.997172,96.583333,0.961717,1288,12.825106,1159,11.540604,2,1,1,0,0,2,0,0,0,0,0,0,0,0,0,0,0,0,0,0,0,0,0,0,0
ND,North Dakota,West North Central,Midwest,2015,756928,,,,,,,,,,,,,0,0,0,0,0,0,0,0,0,0,0,0,0,0,0,0,0,0,0,0,0,0,0,0,0
NE,Nebraska,West North Central,Midwest,2015,1896190,,,,,,,,,,,,,0,0,0,0,0,0,0,0,0,0,0,0,0,0,0,0,0,0,0,0,0,0,0,0,0
NH,New Hampshire,New England,Northeast,2015,1330608,23.75,1.784898,220.25,16.552583,285,21.41878,31.5,2.367339,338,25.401922,378,28.408066,1,0,1,0,0,1,0,0,0,0,0,0,0,0,0,0,0,0,0,0,0,0,0,0,0
NJ,New Jersey,Middle Atlantic,Northeast,2015,8958013,,,,,,,,,,,,,0,0,0,0,0,0,0,0,0,0,0,0,0,0,0,0,0,0,0,0,0,0,0,0,0
NM,New Mexico,Mountain,West,2015,2085109,3.416667,0.16386,96,4.604076,41,1.966324,29.416667,1.410798,407,19.519363,353,16.929571,0,0,0,0,0,0,0,0,0,0,0,0,0,0,0,0,0,0,0,0,0,0,0,0,0
NV,Nevada,Mountain,West,2015,2890845,3,0.103776,47,1.625822,36,1.245311,37.166667,1.285668,392,13.560049,446,15.428015,2,2,0,0,0,2,0,0,0,0,0,0,0,0,0,0,0,0,0,0,0,0,0,0,0
NY,New York,Middle Atlantic,Northeast,2015,19795791,44.333333,0.223953,754,3.80889,532,2.68744,121,0.611241,1600,8.082526,1452,7.334893,0,0,0,0,0,0,0,0,0,0,0,0,0,0,0,0,0,0,0,0,0,0,0,0,0
OH,Ohio,East North Central,Midwest,2015,11613423,103.666667,0.892645,1511,13.010807,1244,10.711743,227.75,1.961093,2884,24.833333,2733,23.533113,5,0,5,0,0,5,0,0,0,0,0,0,0,0,0,0,0,0,0,0,0,0,0,0,0
OK,Oklahoma,West South Central,South,2015,3911338,7.666667,0.196011,78.666667,2.011247,92,2.352136,35.583333,0.909748,496,12.681083,427,10.91698,4,0,4,0,0,4,0,0,0,0,0,0,0,0,0,0,0,0,0,0,0,0,0,0,0
OR,Oregon,Pacific,West,2015,4028977,2.75,0.068256,42.5,1.054858,33,0.819066,27.333333,0.678419,318,7.892822,328,8.141024,4,0,4,0,0,4,0,0,0,0,0,0,0,0,0,0,0,0,0,0,0,0,0,0,0
PA,Pennsylvania,Middle Atlantic,Northeast,2015,12802503,,,,,,,,,,,,,0,0,0,0,0,0,0,0,0,0,0,0,0,0,0,0,0,0,0,0,0,0,0,0,0
RI,Rhode Island,New England,Northeast,2015,1056298,12,1.136043,142,13.443176,144,13.632517,22.333333,2.114302,240,22.720861,268,25.371628,2,0,2,0,0,2,0,0,0,0,0,0,0,0,0,0,0,0,0,0,0,0,0,0,0
SC,South Carolina,South Atlantic,South,2015,4896146,12.75,0.260409,176.5,3.604876,153,3.124907,44.75,0.913984,552,11.274174,537,10.96781,2,1,1,0,0,2,0,0,0,0,0,0,0,0,0,0,0,0,0,0,0,0,0,0,0
SD,South Dakota,West North Central,Midwest,2015,858469,,,,,,,3.416667,0.397995,18.666667,2.174414,27,3.145134,1,0,1,0,0,1,0,0,0,0,0,0,0,0,0,0,0,0,0,0,0,0,0,0,0
TN,Tennessee,East South Central,South,2015,6600299,20.666667,0.313117,281,4.257383,248,3.757406,86.666667,1.313072,1013,15.34779,1040,15.756862,2,0,2,0,0,2,0,0,0,0,0,0,0,0,0,0,0,0,0,0,0,0,0,0,0
TX,Texas,West South Central,South,2015,27469114,,,,,,,,,,,,,0,0,0,0,0,0,0,0,0,0,0,0,0,0,0,0,0,0,0,0,0,0,0,0,0
UT,Utah,Mountain,West,2015,2995919,5.25,0.175238,88.25,2.945674,63,2.102861,37.583333,1.254484,509,16.989778,451,15.053812,0,0,0,0,0,0,0,0,0,0,0,0,0,0,0,0,0,0,0,0,0,0,0,0,0
VA,Virginia,South Atlantic,South,2015,8382993,21.75,0.259454,531,6.334253,261,3.113446,66.833333,0.797249,1043,12.441857,802,9.566989,3,3,0,0,0,3,0,0,0,0,0,0,0,0,0,0,0,0,0,0,0,0,0,0,0
VT,Vermont,New England,Northeast,2015,626042,2.75,0.439268,36.75,5.870213,33,5.271212,6.416667,1.024958,81,12.938429,77,12.299494,1,0,1,0,0,1,0,0,0,0,0,0,0,0,0,0,0,0,0,0,0,0,0,0,0
WA,Washington,Pacific,West,2015,7170351,5.416667,0.075543,95,1.3249,65,0.906511,58.5,0.81586,701,9.776369,702,9.790316,0,0,0,0,0,0,0,0,0,0,0,0,0,0,0,0,0,0,0,0,0,0,0,0,0
WI,Wisconsin,East North Central,Midwest,2015,5771337,6.916667,0.119845,6.916667,0.119845,101,1.750028,60.166667,1.042508,60.166667,1.042508,645,11.17592,2,1,1,0,0,2,0,0,0,0,0,0,0,0,0,0,0,0,0,0,0,0,0,0,0
WV,West Virginia,South Atlantic,South,2015,1844128,18.666667,1.012222,302,16.376304,224,12.146662,53,2.873987,658,35.68082,636,34.487845,2,0,2,0,0,2,0,0,0,0,0,0,0,0,0,0,0,0,0,0,0,0,0,0,0
WY,Wyoming,Mountain,West,2015,586107,,,,,,,,,,,,,1,0,0,1,0,1,0,0,0,0,0,0,0,0,0,0,0,0,0,0,0,0,0,0,0
AK,Alaska,Pacific,West,2016,741894,0,0,10.333333,1.392832,12,1.617482,8,1.078321,100,13.479015,96,12.939854,0,0,0,0,0,0,0,0,0,0,0,0,0,0,0,0,0,0,0,0,0,0,0,0,0
AL,Alabama,East South Central,South,2016,4863300,,,,,,,,,,,,,6,1,4,1,0,6,0,0,0,0,0,0,0,0,0,0,0,0,0,0,0,0,0,0,0
AR,Arkansas,West South Central,South,2016,2988248,,,,,,,,,,,,,9,2,5,1,3,11,0,0,0,0,0,0,0,0,0,0,0,0,0,0,0,0,0,0,0
AZ,Arizona,Mountain,West,2016,6931071,,,,,,,,,,,,,1,0,1,0,0,1,0,0,0,0,0,0,0,0,0,0,0,0,0,0,0,0,0,0,0
CA,California,Pacific,West,2016,39250017,,,,,,,,,,,,,5,2,0,0,3,5,0,0,0,8,153610,115903.632422,6,0,0,0,0,211,13800,336244.505,63,0,0,0,0
CO,Colorado,Mountain,West,2016,5540545,,,,,,,,,,,,,8,3,3,0,2,8,0,0,0,2,12320,23828.541,2,0,0,0,0,0,0,0,0,0,0,0,0
CT,Connecticut,New England,Northeast,2016,3576452,64.833333,1.812784,508,14.204021,508,14.204021,92.166667,2.577042,869,24.297824,869,24.297824,0,0,0,0,0,0,0,0,0,0,0,0,0,0,0,0,0,3,802,4841.805,3,0,0,0,0
DE,Delaware,South Atlantic,South,2016,952065,,,,,,,,,,,,,0,0,0,0,0,0,0,0,0,0,0,0,0,0,0,0,0,0,0,0,0,0,0,0,0
FL,Florida,South Atlantic,South,2016,20612439,,,,,,,,,,,,,5,0,3,1,1,5,0,0,0,16,527342,590929.0422,7,0,0,0,0,12,246920,411035.041,3,0,0,0,0
GA,Georgia,South Atlantic,South,2016,10310371,24.416667,0.236817,271,2.628421,271,2.628421,87.333333,0.847044,911,8.835764,911,8.835764,1,0,1,0,0,1,0,0,0,6,96340,420654.95,2,0,0,0,0,1,78700,69520.017,1,0,0,0,0
HI,Hawaii,Pacific,West,2016,1428557,0.916667,0.064167,12.083333,0.845842,11,0.770008,6.833333,0.478338,80.166667,5.611723,82,5.740058,0,0,0,0,0,0,0,0,0,0,0,0,0,0,0,0,0,0,0,0,0,0,0,0,0
IA,Iowa,West North Central,Midwest,2016,3134693,6.666667,0.212674,37,1.180339,55,1.754558,14.666667,0.467882,125,3.987631,180,5.742189,1,0,1,0,0,1,0,0,0,0,0,0,0,0,0,0,0,0,0,0,0,0,0,0,0
ID,Idaho,Mountain,West,2016,1683140,,,,,,,,,,,,,1,0,1,0,0,1,0,0,0,0,0,0,0,0,0,0,0,0,0,0,0,0,0,0,0
IL,Illinois,East North Central,Midwest,2016,12801539,95.083333,0.742749,927,7.241317,927,7.241317,209.25,1.634569,1985,15.505948,1985,15.505948,2,1,1,0,0,2,0,0,0,0,0,0,0,0,0,0,0,1,75434,63313.993,1,0,0,0,0
IN,Indiana,East North Central,Midwest,2016,6633053,,,,,,,,,,,,,1,0,1,0,0,1,0,0,0,0,0,0,0,0,0,0,0,0,0,0,0,0,0,0,0
KS,Kansas,West North Central,Midwest,2016,2907289,,,,,,,,,,,,,4,0,3,0,1,4,0,0,0,0,0,0,0,0,0,0,0,0,0,0,0,0,0,0,0
KY,Kentucky,East South Central,South,2016,4436974,,,,,,,,,,,,,7,0,6,0,1,7,0,0,0,0,0,0,0,0,0,0,0,0,0,0,0,0,0,0,0
LA,Louisiana,West South Central,South,2016,4681666,,,,,,,,,,,,,4,1,3,0,0,4,0,0,0,0,0,0,0,0,0,0,0,0,0,0,0,0,0,0,0
MA,Massachusetts,New England,Northeast,2016,6811779,129.75,1.904789,1552,22.784063,1552,22.784063,172.083333,2.526261,1978,29.037936,1978,29.037936,1,0,1,0,0,1,0,0,0,1,5840,38293.464,1,0,0,0,0,0,0,0,0,0,0,0,0
MD,Maryland,South Atlantic,South,2016,6016447,113.083333,1.87957,1122,18.64888,1122,18.64888,165.166667,2.745253,1866,31.014983,1866,31.014983,3,1,2,0,0,3,0,0,0,0,0,0,0,0,0,0,0,245,17339,263731.219,68,0,0,0,0
ME,Maine,New England,Northeast,2016,1331479,28.166667,2.115442,204,15.321308,204,15.321308,37.583333,2.822676,306,22.981962,306,22.981962,4,1,3,0,0,4,0,0,0,0,0,0,0,0,0,0,0,0,0,0,0,0,0,0,0
MI,Michigan,East North Central,Midwest,2016,9928300,,,,,,,,,,,,,0,0,0,0,0,0,0,0,0,0,0,0,0,0,0,0,0,0,0,0,0,0,0,0,0
MN,Minnesota,West North Central,Midwest,2016,5519952,,,,,,,,,,,,,3,2,1,0,0,3,0,0,0,0,0,0,0,0,0,0,0,0,0,0,0,0,0,0,0
MO,Missouri,West North Central,Midwest,2016,6093000,,,,,,,,,,,,,2,0,2,0,0,2,0,0,0,3,218360,81039.074344,3,0,0,0,0,1,400,3115.999,1,0,0,0,0
MS,Mississippi,East South Central,South,2016,2988726,,,,,,,,,,,,,1,0,1,0,0,1,0,0,0,0,0,0,0,0,0,0,0,0,0,0,0,0,0,0,0
MT,Montana,Mountain,West,2016,1042520,,,,,,,,,,,,,2,1,1,0,0,2,0,0,0,0,0,0,0,0,0,0,0,0,0,0,0,0,0,0,0
NC,North Carolina,South Atlantic,South,2016,10146788,43.083333,0.424601,591,5.824503,591,5.824503,125.583333,1.237666,1497,14.753437,1497,14.753437,2,1,1,0,0,2,0,0,0,30,601800,2352556.56,1,0,0,0,0,24,1012,50200.625,17,0,0,0,0
ND,North Dakota,West North Central,Midwest,2016,757953,,,,,,,,,,,,,0,0,0,0,0,0,0,0,0,0,0,0,0,0,0,0,0,0,0,0,0,0,0,0,0
NE,Nebraska,West North Central,Midwest,2016,1907116,,,,,,,,,,,,,0,0,0,0,0,0,0,0,0,0,0,0,0,0,0,0,0,0,0,0,0,0,0,0,0
NH,New Hampshire,New England,Northeast,2016,1334795,39.75,2.977985,347,25.996501,347,25.996501,47.5,3.558599,415,31.090917,415,31.090917,1,0,1,0,0,1,0,0,0,0,0,0,0,0,0,0,0,0,0,0,0,0,0,0,0
NJ,New Jersey,Middle Atlantic,Northeast,2016,8944469,,,,,,,,,,,,,0,0,0,0,0,0,0,0,0,27,379760,3495120.749,12,0,0,0,0,133,47974,287792.868,67,0,0,0,0
NM,New Mexico,Mountain,West,2016,2081015,11.416667,0.54861,78,3.748171,78,3.748171,38.416667,1.846054,356,17.107037,356,17.107037,0,0,0,0,0,0,0,0,0,0,0,0,0,0,0,0,0,0,0,0,0,0,0,0,0
NV,Nevada,Mountain,West,2016,2940058,1,0.034013,50,1.700647,50,1.700647,16.166667,0.549876,423,14.387471,423,14.387471,2,2,0,0,0,2,0,0,0,0,0,0,0,0,0,0,0,0,0,0,0,0,0,0,0
NY,New York,Middle Atlantic,Northeast,2016,19745289,101.333333,0.513203,1095,5.545627,1095,5.545627,169,0.8559,1928,9.764354,1928,9.764354,0,0,0,0,0,0,0,0,0,0,0,0,0,0,0,0,0,38,671043,335167.567,3,0,0,0,0
OH,Ohio,East North Central,Midwest,2016,11614373,228.666667,1.968825,2305,19.846099,2305,19.846099,340.75,2.933865,3627,31.228548,3627,31.228548,5,0,5,0,0,5,0,0,0,9,152330,4360813.3215,6,0,0,0,0,99,53398,349811.835,50,0,0,0,0
OK,Oklahoma,West South Central,South,2016,3923561,14.666667,0.37381,99.666667,2.540209,95,2.42127,49.583333,1.263733,432,11.010406,432,11.010406,4,0,4,0,0,4,0,0,0,0,0,0,0,0,0,0,0,0,0,0,0,0,0,0,0
OR,Oregon,Pacific,West,2016,4093465,0.75,0.018322,41,1.001596,41,1.001596,27.333333,0.667731,306,7.47533,306,7.47533,4,0,4,0,0,4,0,0,0,0,0,0,0,0,0,0,0,0,0,0,0,0,0,0,0
PA,Pennsylvania,Middle Atlantic,Northeast,2016,12784227,,,,,,,,,,,,,0,0,0,0,0,0,0,0,0,3,43000,170594,2,0,0,0,0,24,22012,99492.904,19,0,0,0,0
RI,Rhode Island,New England,Northeast,2016,1056426,13,1.230564,197,18.64778,197,18.64778,25.333333,2.398023,297,28.113659,297,28.113659,2,0,2,0,0,2,0,0,0,0,0,0,0,0,0,0,0,0,0,0,0,0,0,0,0
SC,South Carolina,South Atlantic,South,2016,4961119,34.75,0.700447,234,4.716678,234,4.716678,76.75,1.54703,613,12.356083,613,12.356083,2,1,1,0,0,2,0,0,0,6,24250,125101.124,6,0,0,0,0,2,268,2407.797,1,0,0,0,0
SD,South Dakota,West North Central,Midwest,2016,865454,0.916667,0.105917,12,1.386555,11,1.271009,3.416667,0.394783,43,4.968491,41,4.737398,1,0,1,0,0,1,0,0,0,0,0,0,0,0,0,0,0,0,0,0,0,0,0,0,0
TN,Tennessee,East South Central,South,2016,6651194,28.666667,0.431,394,5.923748,394,5.923748,92.666667,1.393234,1200,18.041873,1200,18.041873,2,0,2,0,0,2,0,0,0,0,0,0,0,0,0,0,0,6,262881,282728.162,5,0,0,0,0
TX,Texas,West South Central,South,2016,27862596,,,,,,,,,,,,,0,0,0,0,0,0,0,0,0,489,33076998,36829177.492422,83,0,0,0,0,138,3439598,3243729.622,47,0,0,0,0
UT,Utah,Mountain,West,2016,3051217,2.25,0.073741,77,2.523583,77,2.523583,16.583333,0.543499,475,15.567559,475,15.567559,0,0,0,0,0,0,0,0,0,0,0,0,0,0,0,0,0,0,0,0,0,0,0,0,0
VA,Virginia,South Atlantic,South,2016,8411808,61.75,0.734087,650,7.727233,650,7.727233,86.833333,1.032279,1117,13.278953,1117,13.278953,3,3,0,0,0,3,0,0,0,0,0,0,0,0,0,0,0,0,0,0,0,0,0,0,0
VT,Vermont,New England,Northeast,2016,624594,11.75,1.881222,56.25,9.00585,56,8.965824,13.416667,2.148062,107,17.131128,107,17.131128,1,0,1,0,0,1,0,0,0,0,0,0,0,0,0,0,0,0,0,0,0,0,0,0,0
WA,Washington,Pacific,West,2016,7288000,6.416667,0.088044,94,1.289791,94,1.289791,54.5,0.747805,721,9.892975,721,9.892975,0,0,0,0,0,0,0,0,0,0,0,0,0,0,0,0,0,7,4423,37875.205,4,0,0,0,0
WI,Wisconsin,East North Central,Midwest,2016,5778709,23.916667,0.413876,310,5.36452,287,4.966507,72.166667,1.248837,715,12.373006,866,14.986046,2,1,1,0,0,2,0,0,0,10,250820,924198.948313,7,0,0,0,0,6,2840,19091.79,6,0,0,0,0
WV,West Virginia,South Atlantic,South,2016,1831102,52.666667,2.876228,432,23.59235,432,23.59235,73,3.98667,734,40.085151,734,40.085151,2,0,2,0,0,2,0,0,0,0,0,0,0,0,0,0,0,0,0,0,0,0,0,0,0
WY,Wyoming,Mountain,West,2016,585501,,,,,,,,,,,,,1,0,0,1,0,1,0,0,0,0,0,0,0,0,0,0,0,0,0,0,0,0,0,0,0
AK,Alaska,Pacific,West,2017,739795,3.083333,0.416782,16.5,2.230348,37,5.001386,11,1.486898,101,13.652431,100,13.517258,0,0,0,0,0,0,4,1,1,0,0,0,0,0,0,0,0,0,0,0,0,0,0,0,0
AL,Alabama,East South Central,South,2017,4874747,,,,,,,,,,,,,6,1,4,1,0,6,373,16,10,0,0,0,0,0,0,0,0,0,0,0,0,0,0,0,0
AR,Arkansas,West South Central,South,2017,3004279,,,,,,,,,,,,,9,2,5,1,3,11,178,8,7,0,0,0,0,0,0,0,0,0,0,0,0,0,0,0,0
AZ,Arizona,Mountain,West,2017,7016270,21.916667,0.312369,336,4.788869,263,3.74843,78,1.111702,998,14.224082,936,13.340422,1,0,1,0,0,1,415,8,4,1,1250,5043.25,1,0,0,0,0,0,0,0,0,0,0,0,0
CA,California,Pacific,West,2017,39536653,,,,,,,,,,,,,5,2,0,0,3,5,839,25,13,12,159710,563464.839,7,0,0,0,0,37,1696993,363443.538941,15,0,0,0,0
CO,Colorado,Mountain,West,2017,5607154,,,,,,,,,,,,,8,3,3,0,2,8,50,5,3,2,27650,26718.195,1,0,0,0,0,0,0,0,0,0,0,0,0
CT,Connecticut,New England,Northeast,2017,3588184,83.833333,2.336372,696,19.396999,696,19.396999,100.166667,2.79157,967,26.949566,967,26.949566,0,0,0,0,0,0,561,19,12,0,0,0,0,0,0,0,0,11,3219,17068.764,10,0,0,0,0
DE,Delaware,South Atlantic,South,2017,961939,,,,,,,,,,,,,0,0,0,0,0,0,95,7,6,0,0,0,0,0,0,0,0,0,0,0,0,0,0,0,0
FL,Florida,South Atlantic,South,2017,20984400,,,,,,,,,,,,,5,0,3,1,1,5,2761,31,19,6,61430,295366.263,5,0,0,0,0,16,313320,922978.335,3,0,0,0,0
GA,Georgia,South Atlantic,South,2017,10429379,36.416667,0.349174,406,3.892849,406,3.892849,99.333333,0.952438,1003,9.617063,1003,9.617063,1,0,1,0,0,1,275,16,12,3,20674,237983.9,2,0,0,0,0,2,141976,134313.986,1,0,0,0,0
HI,Hawaii,Pacific,West,2017,1427538,1.916667,0.134264,5.666667,0.396954,12,0.840608,9.833333,0.688832,22.333333,1.564465,67,4.693395,0,0,0,0,0,0,3,3,2,0,0,0,0,0,0,0,0,0,0,0,0,0,0,0,0
IA,Iowa,West North Central,Midwest,2017,3145711,12.666667,0.402665,77,2.447777,97,3.083564,12.666667,0.402665,154,4.895555,206,6.548599,1,0,1,0,0,1,427,12,10,0,0,0,0,0,0,0,0,0,0,0,0,0,0,0,0
ID,Idaho,Mountain,West,2017,1716943,,,,,,,,,,,,,1,0,1,0,0,1,24,6,4,0,0,0,0,0,0,0,0,0,0,0,0,0,0,0,0
IL,Illinois,East North Central,Midwest,2017,12802023,109.083333,0.852079,1260,9.842194,1260,9.842194,183.25,1.431414,2214,17.294142,2214,17.294142,2,1,1,0,0,2,3136,14,8,0,0,0,0,0,0,0,0,0,0,0,0,0,0,0,0
IN,Indiana,East North Central,Midwest,2017,6666818,,,,,,,,,,,,,1,0,1,0,0,1,1345,12,9,0,0,0,0,0,0,0,0,0,0,0,0,0,0,0,0
KS,Kansas,West North Central,Midwest,2017,2913123,,,,,,,,,,,,,4,0,3,0,1,4,76,7,6,1,4520,49264.836,1,0,0,0,0,0,0,0,0,0,0,0,0
KY,Kentucky,East South Central,South,2017,4454189,,,,,,,,,,,,,7,0,6,0,1,7,2850,20,14,2,40000,178484,1,0,0,0,0,0,0,0,0,0,0,0,0
LA,Louisiana,West South Central,South,2017,4684333,,,,,,,,,,,,,4,1,3,0,0,4,262,12,8,0,0,0,0,0,0,0,0,0,0,0,0,0,0,0,0
MA,Massachusetts,New England,Northeast,2017,6859819,174.75,2.547443,1645,23.980225,1645,23.980225,201.083333,2.931321,1896,27.639213,1896,27.639213,1,0,1,0,0,1,7568,18,13,1,5840,38293.464,1,0,0,0,0,0,0,0,0,0,0,0,0
MD,Maryland,South Atlantic,South,2017,6052177,127.083333,2.099795,1598,26.403722,1598,26.403722,164.166667,2.712523,2037,33.65731,2037,33.65731,3,1,2,0,0,3,4325,31,21,0,0,0,0,0,0,0,0,0,0,0,0,0,0,0,0
ME,Maine,New England,Northeast,2017,1335907,36.166667,2.707274,262,19.612144,262,19.612144,45.583333,3.412164,348,26.049718,348,26.049718,4,1,3,0,0,4,302,5,3,0,0,0,0,0,0,0,0,0,0,0,0,0,0,0,0
MI,Michigan,East North Central,Midwest,2017,9962311,,,,,,,,,,,,,0,0,0,0,0,0,815,15,10,1,1990,12380.984,1,0,0,0,0,0,0,0,0,0,0,0,0
MN,Minnesota,West North Central,Midwest,2017,5576606,,,,,,,,,,,,,3,2,1,0,0,3,339,13,8,0,0,0,0,0,0,0,0,0,0,0,0,0,0,0,0
MO,Missouri,West North Central,Midwest,2017,6113532,,,,,,,,,,,,,2,0,2,0,0,2,1930,18,11,1,16330,104794.509,1,0,0,0,0,0,0,0,0,0,0,0,0
MS,Mississippi,East South Central,South,2017,2984100,,,,,,,,,,,,,1,0,1,0,0,1,134,3,2,0,0,0,0,0,0,0,0,0,0,0,0,0,0,0,0
MT,Montana,Mountain,West,2017,1050493,,,,,,,,,,,,,2,1,1,0,0,2,32,5,2,0,0,0,0,0,0,0,0,0,0,0,0,0,0,0,0
NC,North Carolina,South Atlantic,South,2017,10273419,106.083333,1.0326,1270,12.361999,1270,12.361999,162.583333,1.582563,1921,18.698741,1921,18.698741,2,1,1,0,0,2,565,11,7,28,561140,2107676.488,2,0,0,0,0,26,4183,98591.578,9,0,0,0,0
ND,North Dakota,West North Central,Midwest,2017,755393,,,,,,,,,,,,,0,0,0,0,0,0,118,7,6,0,0,0,0,0,0,0,0,0,0,0,0,0,0,0,0
NE,Nebraska,West North Central,Midwest,2017,1920076,,,,,,,,,,,,,0,0,0,0,0,0,17,3,3,0,0,0,0,0,0,0,0,0,0,0,0,0,0,0,0
NH,New Hampshire,New England,Northeast,2017,1342795,48.75,3.630487,387,28.820483,387,28.820483,52.5,3.909755,434,32.320645,434,32.320645,1,0,1,0,0,1,2226,9,6,0,0,0,0,0,0,0,0,0,0,0,0,0,0,0,0
NJ,New Jersey,Middle Atlantic,Northeast,2017,9005644,,,,,,,,,,,,,0,0,0,0,0,0,7016,27,20,43,649270,4008804.062,17,1,14340,187575.804,1,32,1743,31803.977,27,0,0,0,0
NM,New Mexico,Mountain,West,2017,2088070,12.416667,0.594648,75,3.591834,75,3.591834,38.416667,1.839817,336,16.091415,336,16.091415,0,0,0,0,0,0,32,3,2,0,0,0,0,0,0,0,0,0,0,0,0,0,0,0,0
NV,Nevada,Mountain,West,2017,2998039,11,0.366907,74,2.46828,74,2.46828,31.166667,1.039568,438,14.60955,438,14.60955,2,2,0,0,0,2,20,4,2,0,0,0,0,0,0,0,0,0,0,0,0,0,0,0,0
NY,New York,Middle Atlantic,Northeast,2017,19849399,99.333333,0.500435,1455,7.330197,1455,7.330197,154,0.775842,2063,10.393262,2063,10.393262,0,0,0,0,0,0,1923,23,13,3,201530,10032.363,2,0,0,0,0,51,904967,396939.229,1,0,0,0,0
OH,Ohio,East North Central,Midwest,2017,11658609,204.666667,1.755498,3550,30.449602,3550,30.449602,262.75,2.253699,4327,37.114205,4327,37.114205,5,0,5,0,0,5,22281,28,20,17,312605,6197057.618,6,0,0,0,0,14,2391,14682.074,14,0,0,0,0
OK,Oklahoma,West South Central,South,2017,3930864,9.666667,0.245917,103.666667,2.637249,97,2.467651,34.583333,0.87979,387,9.845164,387,9.845164,4,0,4,0,0,4,73,7,5,0,0,0,0,0,0,0,0,0,0,0,0,0,0,0,0
OR,Oregon,Pacific,West,2017,4142776,2.75,0.066381,86,2.075903,86,2.075903,32.333333,0.780475,344,8.303611,344,8.303611,4,0,4,0,0,4,138,9,7,3,39450,71781.3,2,0,0,0,0,0,0,0,0,0,0,0,0
PA,Pennsylvania,Middle Atlantic,Northeast,2017,12805537,,,,,,,,,,,,,0,0,0,0,0,0,10449,27,19,3,49140,173011.609,3,0,0,0,0,42,18168,54113.518729,29,0,0,0,0
RI,Rhode Island,New England,Northeast,2017,1059639,18,1.698692,208,19.629327,208,19.629327,25.333333,2.390751,284,26.801581,284,26.801581,2,0,2,0,0,2,699,14,10,0,0,0,0,0,0,0,0,0,0,0,0,0,0,0,0
SC,South Carolina,South Atlantic,South,2017,5024369,34.75,0.691629,397,7.90149,397,7.90149,52.75,1.049883,748,14.887442,748,14.887442,2,1,1,0,0,2,929,17,12,4,22560,42627.2465,4,0,0,0,0,0,0,0,0,0,0,0,0
SD,South Dakota,West North Central,Midwest,2017,869666,0,0,16.333333,1.878116,13,1.494827,1.416667,0.162898,37,4.254507,37,4.254507,1,0,1,0,0,1,10,5,4,0,0,0,0,0,0,0,0,0,0,0,0,0,0,0,0
TN,Tennessee,East South Central,South,2017,6715984,59.666667,0.888428,600,8.933911,600,8.933911,116.666667,1.737149,1275,18.98456,1275,18.98456,2,0,2,0,0,2,808,19,11,2,19980,32554.746,2,0,0,0,0,3,236254,303477.008,2,0,0,0,0
TX,Texas,West South Central,South,2017,28304596,,,,,,,,,,,,,0,0,0,0,0,0,389,18,13,1108,100789126,116865398.496195,91,4,400000,310232.214844,1,60,1570882,2020469.12,13,0,0,0,0
UT,Utah,Mountain,West,2017,3101833,8.25,0.265972,88,2.837032,88,2.837032,32.583333,1.050454,456,14.700985,456,14.700985,0,0,0,0,0,0,24,5,4,0,0,0,0,0,0,0,0,0,0,0,0,0,0,0,0
VA,Virginia,South Atlantic,South,2017,8470020,84.75,1.000588,797,9.409659,797,9.409659,115.833333,1.367569,1198,14.144004,1198,14.144004,3,3,0,0,0,3,3261,20,14,0,0,0,0,0,0,0,0,0,0,0,0,0,0,0,0
VT,Vermont,New England,Northeast,2017,623657,6.75,1.082326,73,11.705152,73,11.705152,8.416667,1.349567,110,17.6379,110,17.6379,1,0,1,0,0,1,465,6,5,2,40660,134417.704,2,0,0,0,0,0,0,0,0,0,0,0,0
WA,Washington,Pacific,West,2017,7405743,19.416667,0.262184,136,1.836413,136,1.836413,69.5,0.938461,744,10.046257,744,10.046257,0,0,0,0,0,0,151,11,9,7,140660,471629.298,3,0,0,0,0,2,21800,52849.995,2,0,0,0,0
WI,Wisconsin,East North Central,Midwest,2017,5795483,32.916667,0.567971,464,8.006235,464,8.006235,76.166667,1.314242,934,16.115999,934,16.115999,2,1,1,0,0,2,682,15,11,0,0,0,0,0,0,0,0,14,16675,31935.620563,11,0,0,0,0
WV,West Virginia,South Atlantic,South,2017,1815857,51.666667,2.845305,644,35.465348,644,35.465348,74,4.075211,860,47.360558,860,47.360558,2,0,2,0,0,2,620,24,16,0,0,0,0,0,0,0,0,0,0,0,0,0,0,0,0
WY,Wyoming,Mountain,West,2017,579315,1.166667,0.201387,12.833333,2.21526,14,2.416647,3.666667,0.632931,53.333333,9.206275,44,7.595177,1,0,0,1,0,1,8,1,1,0,0,0,0,0,0,0,0,0,0,0,0,0,0,0,0
AK,Alaska,Pacific,West,2018,737438,0.083333,0.0113,23.916667,3.243211,16,2.169674,8,1.084837,68,9.221114,65,8.8143,0,0,0,0,0,0,2,2,1,0,0,0,0,0,0,0,0,0,0,0,0,0,0,0,0
AL,Alabama,East South Central,South,2018,4887871,,,,,,,,,,,,,6,1,4,1,0,6,301,17,11,0,0,0,0,0,0,0,0,3,300000,44769.708984,1,0,0,0,0
AR,Arkansas,West South Central,South,2018,3013825,,,,,,,,,,,,,9,2,5,1,3,11,301,9,6,0,0,0,0,0,0,0,0,0,0,0,0,0,0,0,0
AZ,Arizona,Mountain,West,2018,7171646,49.916667,0.696028,527,7.348383,527,7.348383,100,1.39438,1134,15.81227,1134,15.81227,1,0,1,0,0,1,1097,8,4,0,0,0,0,0,0,0,0,0,0,0,0,0,0,0,0
CA,California,Pacific,West,2018,39557045,,,,,,,,,,,,,5,2,0,0,3,5,1662,17,9,14,126280,268015.894,10,0,0,0,0,16,1927380,415800.587891,1,0,0,0,0
CO,Colorado,Mountain,West,2018,5695564,10.833333,0.190207,175,3.072567,130,2.282478,47.333333,0.831056,609,10.692532,568,9.972673,8,3,3,0,2,8,104,5,4,0,0,0,0,0,0,0,0,27,4780,36909.507,23,0,0,0,0
CT,Connecticut,New England,Northeast,2018,3572665,75.833333,2.122598,779,21.804451,779,21.804451,83.166667,2.327861,957,26.786726,957,26.786726,0,0,0,0,0,0,570,14,9,1,1000,7219.1,1,0,0,0,0,0,0,0,0,0,0,0,0
DE,Delaware,South Atlantic,South,2018,967171,25,2.584858,223,23.056936,300,31.0183,30.083333,3.110446,287,29.674173,361,37.325354,0,0,0,0,0,0,247,10,8,0,0,0,0,0,0,0,0,0,0,0,0,0,0,0,0
FL,Florida,South Atlantic,South,2018,21299325,,,,,,,,,,,,,5,0,3,1,1,5,4447,28,20,22,402449,712604.9238,6,0,0,0,0,46,839910,2294337.593,12,0,0,0,0
GA,Georgia,South Atlantic,South,2018,10519475,23.416667,0.222603,330,3.137039,330,3.137039,76.333333,0.725638,853,8.10877,853,8.10877,1,0,1,0,0,1,276,14,10,1,1510,11318.356,1,0,0,0,0,0,0,0,0,0,0,0,0
HI,Hawaii,Pacific,West,2018,1420491,,,,,,,6.833333,0.481054,6.833333,0.481054,49,3.449511,0,0,0,0,0,0,2,1,1,0,0,0,0,0,0,0,0,0,0,0,0,0,0,0,0
IA,Iowa,West North Central,Midwest,2018,3156145,7.666667,0.242912,65,2.059474,78,2.471369,6.666667,0.211228,106,3.358528,138,4.372423,1,0,1,0,0,1,374,13,10,0,0,0,0,0,0,0,0,0,0,0,0,0,0,0,0
ID,Idaho,Mountain,West,2018,1754208,,,,,,,,,,,,,1,0,1,0,0,1,41,3,3,0,0,0,0,0,0,0,0,0,0,0,0,0,0,0,0
IL,Illinois,East North Central,Midwest,2018,12741080,136.083333,1.068067,1593,12.502865,1593,12.502865,197.25,1.548142,2193,17.212042,2193,17.212042,2,1,1,0,0,2,5322,23,14,4,102020,285768.222,1,0,0,0,0,5,347896,224446.448453,4,0,0,0,0
IN,Indiana,East North Central,Midwest,2018,6691878,,,,,,,,,,,,,1,0,1,0,0,1,1824,16,10,0,0,0,0,0,0,0,0,1,3000,25371.961,1,0,0,0,0
KS,Kansas,West North Central,Midwest,2018,2911510,,,,,,,,,,,,,4,0,3,0,1,4,95,5,3,0,0,0,0,0,0,0,0,0,0,0,0,0,0,0,0
KY,Kentucky,East South Central,South,2018,4468402,61.916667,1.385656,786,17.590181,743,16.627868,83.416667,1.866812,1091,24.415887,1001,22.401745,7,0,6,0,1,7,3348,13,11,0,0,0,0,0,0,0,0,0,0,0,0,0,0,0,0
LA,Louisiana,West South Central,South,2018,4659978,,,,,,,,,,,,,4,1,3,0,0,4,455,10,9,0,0,0,0,0,0,0,0,2,100000,24806.4,2,0,0,0,0
MA,Massachusetts,New England,Northeast,2018,6902149,164.75,2.386938,1813,26.267181,1813,26.267181,191.083333,2.768461,1996,28.91853,1996,28.91853,1,0,1,0,0,1,10196,25,16,2,11680,0,2,0,0,0,0,0,0,0,0,0,0,0,0
MD,Maryland,South Atlantic,South,2018,6042718,126.083333,2.086533,1890,31.277316,1890,31.277316,146.166667,2.418889,2150,35.580015,2150,35.580015,3,1,2,0,0,3,6192,24,16,0,0,0,0,0,0,0,0,0,0,0,0,0,0,0,0
ME,Maine,New England,Northeast,2018,1338404,14.166667,1.058475,226,16.885783,226,16.885783,18.583333,1.38847,277,20.696292,277,20.696292,4,1,3,0,0,4,443,6,4,0,0,0,0,0,0,0,0,0,0,0,0,0,0,0,0
MI,Michigan,East North Central,Midwest,2018,9995915,127.916667,1.279689,1535,15.356273,1535,15.356273,167.416667,1.674851,2009,20.09821,2009,20.09821,0,0,0,0,0,0,1080,13,7,4,52330,50602.076,3,0,0,0,0,2,200000,34146.960938,1,0,0,0,0
MN,Minnesota,West North Central,Midwest,2018,5611179,,,,,,,,,,,,,3,2,1,0,0,3,567,15,12,0,0,0,0,0,0,0,0,0,0,0,0,0,0,0,0
MO,Missouri,West North Central,Midwest,2018,6126452,73.416667,1.198355,828,13.515163,881,14.380264,96.083333,1.568336,1101,17.97125,1153,18.820028,2,0,2,0,0,2,2917,14,11,14,242260,182871.438,3,0,0,0,0,0,0,0,0,0,0,0,0
MS,Mississippi,East South Central,South,2018,2986530,,,,,,,,,,,,,1,0,1,0,0,1,201,6,4,0,0,0,0,0,0,0,0,0,0,0,0,0,0,0,0
MT,Montana,Mountain,West,2018,1062305,,,,,,,,,,,,,2,1,1,0,0,2,23,2,1,0,0,0,0,0,0,0,0,0,0,0,0,0,0,0,0
NC,North Carolina,South Atlantic,South,2018,10383620,85.083333,0.8194,1280,12.327108,1280,12.327108,121.583333,1.170915,1781,17.152014,1781,17.152014,2,1,1,0,0,2,1589,19,13,32,641580,170307.036,5,0,0,0,0,1,0,120000,1,0,0,0,0
ND,North Dakota,West North Central,Midwest,2018,760077,,,,,,,,,,,,,0,0,0,0,0,0,101,6,6,0,0,0,0,0,0,0,0,0,0,0,0,0,0,0,0
NE,Nebraska,West North Central,Midwest,2018,1929268,,,,,,,,,,,,,0,0,0,0,0,0,51,4,4,1,1120,137329.92,1,0,0,0,0,0,0,0,0,0,0,0,0
NH,New Hampshire,New England,Northeast,2018,1356458,44.75,3.299033,379,27.940415,379,27.940415,49.5,3.64921,406,29.930894,406,29.930894,1,0,1,0,0,1,2121,10,7,0,0,0,0,0,0,0,0,0,0,0,0,0,0,0,0
NJ,New Jersey,Middle Atlantic,Northeast,2018,8908520,184.416667,2.070116,1821,20.441106,2213,24.841388,213.666667,2.398453,2197,24.661784,2564,28.781436,0,0,0,0,0,0,10833,35,24,33,600100,1258272.219,7,0,0,0,0,5,257944,308132.49225,4,0,0,0,0
NM,New Mexico,Mountain,West,2018,2095428,19.416667,0.926621,103,4.915464,103,4.915464,44.416667,2.119694,334,15.939464,334,15.939464,0,0,0,0,0,0,58,4,3,1,17750,33041.625,1,0,0,0,0,0,0,0,0,0,0,0,0
NV,Nevada,Mountain,West,2018,3034392,11,0.362511,86,2.834176,86,2.834176,33.166667,1.093025,396,13.05039,396,13.05039,2,2,0,0,0,2,36,4,3,0,0,0,0,0,0,0,0,0,0,0,0,0,0,0,0
NY,New York,Middle Atlantic,Northeast,2018,19542209,91.333333,0.467364,1364,6.979764,1364,6.979764,148,0.757335,1856,9.497391,1856,9.497391,0,0,0,0,0,0,2229,28,17,26,1948310,1071510.08375,9,0,0,0,0,107,2109785,764760.760141,4,0,0,0,0
OH,Ohio,East North Central,Midwest,2018,11689442,208.666667,1.785087,2818,24.107224,2818,24.107224,262.75,2.247755,3259,27.879859,3259,27.879859,5,0,5,0,0,5,22223,39,28,9,104010,4759.482,3,0,0,0,0,1,417,1750.021,1,0,0,0,0
OK,Oklahoma,West South Central,South,2018,3943079,8.666667,0.219794,74.666667,1.893613,71,1.800623,33.583333,0.851703,300,7.608268,300,7.608268,4,0,4,0,0,4,72,9,6,0,0,0,0,0,0,0,0,0,0,0,0,0,0,0,0
OR,Oregon,Pacific,West,2018,4190713,7.75,0.184933,96,2.29078,96,2.29078,36.333333,0.866996,346,8.256352,346,8.256352,4,0,4,0,0,4,208,13,10,0,0,0,0,0,0,0,0,0,0,0,0,0,0,0,0
PA,Pennsylvania,Middle Atlantic,Northeast,2018,12807060,,,,,,,,,,,,,0,0,0,0,0,0,13210,37,28,2,16620,0,2,0,0,0,0,4,98,4882.351,3,0,0,0,0
RI,Rhode Island,New England,Northeast,2018,1057315,18,1.702425,226,21.374898,226,21.374898,26.333333,2.490585,280,26.482174,280,26.482174,2,0,2,0,0,2,879,15,10,0,0,0,0,0,0,0,0,0,0,0,0,0,0,0,0
SC,South Carolina,South Atlantic,South,2018,5084127,57.75,1.135888,497,9.775523,497,9.775523,87.75,1.72596,818,16.089291,818,16.089291,2,1,1,0,0,2,1695,19,15,11,76910,617161.319,7,0,0,0,0,0,0,0,0,0,0,0,0
SD,South Dakota,West North Central,Midwest,2018,882235,0,0,16.333333,1.851359,14,1.586879,3.416667,0.387274,28.583333,3.239878,27,3.060409,1,0,1,0,0,1,5,3,3,0,0,0,0,0,0,0,0,1,409,11210.001,1,0,0,0,0
TN,Tennessee,East South Central,South,2018,6770010,49.666667,0.733628,824,12.171326,824,12.171326,98.666667,1.457408,1309,19.335274,1309,19.335274,2,0,2,0,0,2,1389,21,13,0,0,0,0,0,0,0,0,2,158758,208211.965,1,0,0,0,0
TX,Texas,West South Central,South,2018,28701845,,,,,,,,,,,,,0,0,0,0,0,0,388,18,13,1177,99257515,118699112.701789,96,27,2470750,1730696.792969,3,62,1679777,1532606.026772,19,0,0,0,0
UT,Utah,Mountain,West,2018,3161105,4.25,0.134447,84,2.657299,84,2.657299,20.583333,0.651144,439,13.887549,439,13.887549,0,0,0,0,0,0,49,10,7,0,0,0,0,0,0,0,0,0,0,0,0,0,0,0,0
VA,Virginia,South Atlantic,South,2018,8517685,62.75,0.736703,845,9.920536,845,9.920536,80.833333,0.949006,1193,14.006153,1193,14.006153,3,3,0,0,0,3,3299,19,14,0,0,0,0,0,0,0,0,4,309582,300421.978,1,0,0,0,0
VT,Vermont,New England,Northeast,2018,626299,9.75,1.556764,96,15.328142,96,15.328142,11.416667,1.822878,116,18.521505,116,18.521505,1,0,1,0,0,1,1021,6,5,0,0,0,0,0,0,0,0,0,0,0,0,0,0,0,0
WA,Washington,Pacific,West,2018,7535591,23.416667,0.310748,219,2.906209,219,2.906209,67.5,0.895749,732,9.713903,732,9.713903,0,0,0,0,0,0,375,16,11,15,807510,1444814.5175,6,0,0,0,0,1,960,6217.18,1,0,0,0,0
WI,Wisconsin,East North Central,Midwest,2018,5813568,46.916667,0.80702,501,8.617771,501,8.617771,92.166667,1.585372,850,14.620969,850,14.620969,2,1,1,0,0,2,751,17,11,1,100000,30278.023438,1,0,0,0,0,0,0,0,0,0,0,0,0
WV,West Virginia,South Atlantic,South,2018,1805832,39.666667,2.196587,574,31.785903,574,31.785903,56,3.101064,730,40.42458,730,40.42458,2,0,2,0,0,2,940,24,17,0,0,0,0,0,0,0,0,0,0,0,0,0,0,0,0
WY,Wyoming,Mountain,West,2018,577737,0.166667,0.028848,10.5,1.817436,12,2.07707,5.666667,0.980838,41.666667,7.212047,41,7.096655,1,0,0,1,0,1,29,3,3,0,0,0,0,0,0,0,0,0,0,0,0,0,0,0,0
AK,Alaska,Pacific,West,2019,731545,0,0,31.833333,4.351521,23,3.144031,3,0.410091,85,11.619244,83,11.34585,0,0,0,0,0,0,16,2,2,0,0,0,0,0,0,0,0,0,0,0,0,0,0,0,0
AL,Alabama,East South Central,South,2019,4903185,,,,,,,,,,,,,6,1,4,1,0,6,601,12,7,0,0,0,0,0,0,0,0,10,1000000,165877.126953,2,0,0,0,0
AR,Arkansas,West South Central,South,2019,3017804,,,,,,,,,,,,,9,2,5,1,3,11,312,7,5,0,0,0,0,0,0,0,0,0,0,0,0,0,0,0,0
AZ,Arizona,Mountain,West,2019,7278717,93.916667,1.290291,824,11.320676,824,11.320676,130,1.786029,1326,18.217496,1326,18.217496,1,0,1,0,0,1,3525,9,5,0,0,0,0,0,0,0,0,0,0,0,0,0,0,0,0
CA,California,Pacific,West,2019,39512223,143.916667,0.364233,2623,6.638452,1727,4.370799,277,0.701049,4169,10.551165,3324,8.412587,5,2,0,0,3,5,3437,17,12,21,250580,255646.478,10,0,0,0,0,19,2200580,505707.220703,2,0,0,0,0
CO,Colorado,Mountain,West,2019,5758736,42.833333,0.743797,210.333333,3.652422,251,4.358595,74.333333,1.290793,526.333333,9.139737,644,11.18301,8,3,3,0,2,8,310,7,6,0,0,0,0,0,0,0,0,0,0,0,0,0,0,0,0
CT,Connecticut,New England,Northeast,2019,3565287,102.833333,2.884293,974,27.318979,974,27.318979,113.166667,3.174125,1119,31.385973,1119,31.385973,0,0,0,0,0,0,678,10,6,1,910,17937.738,1,0,0,0,0,8,80000,101565.876953,4,0,0,0,0
DE,Delaware,South Atlantic,South,2019,973764,49,5.03202,336,34.505281,336,34.505281,53.083333,5.451355,382,39.229218,382,39.229218,0,0,0,0,0,0,65,5,4,0,0,0,0,0,0,0,0,0,0,0,0,0,0,0,0
FL,Florida,South Atlantic,South,2019,21477737,253.25,1.179128,3039,14.149535,3039,14.149535,331.75,1.544623,3981,18.535472,3981,18.535472,5,0,3,1,1,5,5512,23,16,2,900,12375,1,0,0,0,0,13,105119,234764.429,9,0,0,0,0
GA,Georgia,South Atlantic,South,2019,10617423,36.416667,0.34299,383,3.607278,383,3.607278,78.333333,0.737781,837,7.883269,837,7.883269,1,0,1,0,0,1,318,15,13,11,47119,299011.611,6,0,0,0,0,4,400000,186814.746094,1,0,0,0,0
HI,Hawaii,Pacific,West,2019,1415872,,,,,,,2.833333,0.200112,2.833333,0.200112,59,4.167043,0,0,0,0,0,0,5,3,2,0,0,0,0,0,0,0,0,0,0,0,0,0,0,0,0
IA,Iowa,West North Central,Midwest,2019,3155070,11.666667,0.369775,84,2.662382,101,3.201197,14.666667,0.46486,122,3.866792,157,4.976118,1,0,1,0,0,1,545,12,10,0,0,0,0,0,0,0,0,0,0,0,0,0,0,0,0
ID,Idaho,Mountain,West,2019,1787065,,,,,,,,,,,,,1,0,1,0,0,1,57,2,1,0,0,0,0,0,0,0,0,0,0,0,0,0,0,0,0
IL,Illinois,East North Central,Midwest,2019,12671821,175.083333,1.381675,1714,13.526075,1714,13.526075,250.25,1.974854,2232,17.613885,2232,17.613885,2,1,1,0,0,2,4669,18,12,2,10550,303022.057,2,0,0,0,0,20,55010,100751.358887,14,0,0,0,0
IN,Indiana,East North Central,Midwest,2019,6732219,75.666667,1.123948,1241,18.433744,908,13.487381,104.666667,1.554713,1533,22.771095,1256,18.656553,1,0,1,0,0,1,2074,13,8,0,0,0,0,0,0,0,0,0,0,0,0,0,0,0,0
KS,Kansas,West North Central,Midwest,2019,2913314,5.666667,0.194509,82,2.814664,68,2.334112,14.25,0.489134,174,5.97258,171,5.869604,4,0,3,0,1,4,184,4,3,0,0,0,0,0,0,0,0,0,0,0,0,0,0,0,0
KY,Kentucky,East South Central,South,2019,4467673,109.916667,2.460267,815,18.242159,815,18.242159,127.416667,2.851969,1024,22.920209,1024,22.920209,7,0,6,0,1,7,4093,15,11,0,0,0,0,0,0,0,0,0,0,0,0,0,0,0,0
LA,Louisiana,West South Central,South,2019,4648794,,,,,,,,,,,,,4,1,3,0,0,4,541,9,8,0,0,0,0,0,0,0,0,0,0,0,0,0,0,0,0
MA,Massachusetts,New England,Northeast,2019,6892503,179.75,2.607906,1876,27.217979,1876,27.217979,200.083333,2.902913,1977,28.683339,1977,28.683339,1,0,1,0,0,1,12297,20,14,5,11808,158726.016,3,0,0,0,0,0,0,0,0,0,0,0,0
MD,Maryland,South Atlantic,South,2019,6045680,118.083333,1.953185,1926,31.857459,1926,31.857459,133.166667,2.202675,2117,35.016739,2117,35.016739,3,1,2,0,0,3,7509,11,8,0,0,0,0,0,0,0,0,1,100000,18260.197266,1,0,0,0,0
ME,Maine,New England,Northeast,2019,1344212,24.166667,1.797831,278,20.681262,278,20.681262,27.583333,2.052008,317,23.58259,317,23.58259,4,1,3,0,0,4,474,7,5,0,0,0,0,0,0,0,0,0,0,0,0,0,0,0,0
MI,Michigan,East North Central,Midwest,2019,9986857,100.916667,1.010495,889.333333,8.905037,1401,14.028438,122.416667,1.225778,1112.333333,11.137972,1782,17.843452,0,0,0,0,0,0,2035,10,5,1,16060,31431.026,1,0,0,0,0,3,20000,19926.120704,3,0,0,0,0
MN,Minnesota,West North Central,Midwest,2019,5639632,,,,,,,,,,,,,3,2,1,0,0,3,973,15,13,0,0,0,0,0,0,0,0,0,0,0,0,0,0,0,0
MO,Missouri,West North Central,Midwest,2019,6137428,85.416667,1.391734,897,14.615243,897,14.615243,103.083333,1.679585,1105,18.004285,1105,18.004285,2,0,2,0,0,2,3818,13,9,34,18846,199618.218,21,0,0,0,0,0,0,0,0,0,0,0,0
MS,Mississippi,East South Central,South,2019,2976149,10.833333,0.364005,196,6.585692,130,4.368061,19.25,0.646809,276,9.273729,231,7.761708,1,0,1,0,0,1,296,5,3,0,0,0,0,0,0,0,0,0,0,0,0,0,0,0,0
MT,Montana,Mountain,West,2019,1068778,,,,,,,,,,,,,2,1,1,0,0,2,31,2,1,0,0,0,0,0,0,0,0,0,0,0,0,0,0,0,0
NC,North Carolina,South Atlantic,South,2019,10488084,97.083333,0.925654,1344,12.814543,1344,12.814543,127.583333,1.21646,1793,17.095592,1793,17.095592,2,1,1,0,0,2,2311,18,12,8,85800,226783.7,2,0,0,0,0,4,400000,92501.183594,1,0,0,0,0
ND,North Dakota,West North Central,Midwest,2019,762062,,,,,,,,,,,,,0,0,0,0,0,0,275,6,5,0,0,0,0,0,0,0,0,0,0,0,0,0,0,0,0
NE,Nebraska,West North Central,Midwest,2019,1934408,,,,,,,,,,,,,0,0,0,0,0,0,29,4,3,0,0,0,0,0,0,0,0,0,0,0,0,0,0,0,0
NH,New Hampshire,New England,Northeast,2019,1359711,51.75,3.805956,334,24.564043,334,24.564043,56.5,4.155295,354,26.034944,354,26.034944,1,0,1,0,0,1,1843,8,5,0,0,0,0,0,0,0,0,0,0,0,0,0,0,0,0
NJ,New Jersey,Middle Atlantic,Northeast,2019,8882190,224.416667,2.526592,2213,24.915027,2213,24.915027,240.666667,2.709542,2487,27.999851,2487,27.999851,0,0,0,0,0,0,14940,29,21,11,28640,1440392.023,5,0,0,0,0,3,116275,109940.617375,2,0,0,0,0
NM,New Mexico,Mountain,West,2019,2096829,13.416667,0.639855,156,7.439806,156,7.439806,39.416667,1.879823,405,19.31488,405,19.31488,0,0,0,0,0,0,246,6,4,0,0,0,0,0,0,0,0,0,0,0,0,0,0,0,0
NV,Nevada,Mountain,West,2019,3080156,15,0.486988,123,3.993304,123,3.993304,30.166667,0.979388,411,13.34348,411,13.34348,2,2,0,0,0,2,92,4,3,0,0,0,0,0,0,0,0,0,0,0,0,0,0,0,0
NY,New York,Middle Atlantic,Northeast,2019,19453561,94.333333,0.484916,1344,6.908761,1344,6.908761,125,0.642556,1700,8.73876,1700,8.73876,0,0,0,0,0,0,2692,22,14,12,674261,675525.130731,6,0,0,0,0,38,918752,391525.832266,4,0,0,0,0
OH,Ohio,East North Central,Midwest,2019,11689100,248.666667,2.127338,3150,26.948182,3150,26.948182,283.75,2.427475,3484,29.805545,3484,29.805545,5,0,5,0,0,5,25770,37,29,7,34540,1060221.304,4,0,0,0,0,0,0,0,0,0,0,0,0
OK,Oklahoma,West South Central,South,2019,3956971,8.666667,0.219023,71.666667,1.81115,70,1.76903,27.583333,0.697082,249,6.292692,249,6.292692,4,0,4,0,0,4,120,7,6,0,0,0,0,0,0,0,0,0,0,0,0,0,0,0,0
OR,Oregon,Pacific,West,2019,4217737,5.75,0.136329,83,1.96788,83,1.96788,37.333333,0.885151,326,7.729263,326,7.729263,4,0,4,0,0,4,233,7,5,0,0,0,0,0,0,0,0,0,0,0,0,0,0,0,0
PA,Pennsylvania,Middle Atlantic,Northeast,2019,12801989,,,,,,,,,,,,,0,0,0,0,0,0,14436,25,20,0,0,0,0,0,0,0,0,47,222590,201771.766983,19,0,0,0,0
RI,Rhode Island,New England,Northeast,2019,1059361,14,1.321551,213,20.10646,213,20.10646,22.333333,2.108189,252,23.787925,252,23.787925,2,0,2,0,0,2,885,15,10,0,0,0,0,0,0,0,0,0,0,0,0,0,0,0,0
SC,South Carolina,South Atlantic,South,2019,5148714,61.75,1.199329,575,11.167837,575,11.167837,84.75,1.646042,876,17.013957,876,17.013957,2,1,1,0,0,2,1948,18,14,4,47050,509095.913,4,0,0,0,0,2,20000,30287.68457,1,2,20000,30287.68457,1
SD,South Dakota,West North Central,Midwest,2019,884659,2.916667,0.329694,25.166667,2.844787,25,2.825948,4.416667,0.499251,38,4.29544,38,4.29544,1,0,1,0,0,1,7,1,1,0,0,0,0,0,0,0,0,1,624,15145.119,1,0,0,0,0
TN,Tennessee,East South Central,South,2019,6829174,91.666667,1.34228,1168,17.103093,1168,17.103093,131.666667,1.928003,1566,22.931031,1566,22.931031,2,0,2,0,0,2,2490,15,10,2,6170,119402.893,2,0,0,0,0,3,258372,203115.714,2,0,0,0,0
TX,Texas,West South Central,South,2019,28995881,31.25,0.107774,884,3.048709,375,1.293287,121,0.417301,1934,6.669913,1452,5.007608,0,0,0,0,0,0,522,10,6,879,65214818,49148347.992576,81,30,3000000,1603063.617188,3,59,2369867,16616535.816277,19,0,0,0,0
UT,Utah,Mountain,West,2019,3205958,13.25,0.413293,94.75,2.955435,93,2.900849,29.583333,0.922761,399,12.445578,399,12.445578,0,0,0,0,0,0,72,4,3,2,31,26318.008535,2,0,0,0,0,0,0,0,0,0,0,0,0
VA,Virginia,South Atlantic,South,2019,8535519,96.75,1.133499,970,11.364277,970,11.364277,111.833333,1.310211,1252,14.668118,1252,14.668118,3,3,0,0,0,3,3905,15,11,0,0,0,0,0,0,0,0,5,396084,406047.985,1,0,0,0,0
VT,Vermont,New England,Northeast,2019,623989,9.75,1.562528,88,14.102813,88,14.102813,9.416667,1.509108,102,16.346442,102,16.346442,1,0,1,0,0,1,1155,6,3,0,0,0,0,0,0,0,0,0,0,0,0,0,0,0,0
WA,Washington,Pacific,West,2019,7614893,42.416667,0.557022,328,4.307349,328,4.307349,73.5,0.965214,815,10.702711,815,10.702711,0,0,0,0,0,0,663,11,7,4,28730,1188168.202,4,0,0,0,0,8,113209,119624.522516,4,1,10000,0,1
WI,Wisconsin,East North Central,Midwest,2019,5822434,49.916667,0.857316,657,11.283941,657,11.283941,83.166667,1.428383,929,15.955527,929,15.955527,2,1,1,0,0,2,662,13,11,18,49,21986.728825,11,0,0,0,0,1,0,2.995069,1,0,0,0,0
WV,West Virginia,South Atlantic,South,2019,1792147,47.666667,2.659752,567,31.63803,567,31.63803,59,3.292141,665,37.106331,665,37.106331,2,0,2,0,0,2,1470,24,18,0,0,0,0,0,0,0,0,0,0,0,0,0,0,0,0
WY,Wyoming,Mountain,West,2019,578759,2.166667,0.374364,8.833333,1.526254,12,2.073402,9.666667,1.67024,45,7.775257,43,7.42969,1,0,0,1,0,1,27,3,3,0,0,0,0,0,0,0,0,0,0,0,0,0,0,0,0
AK,Alaska,Pacific,West,2020,733391,6.083333,0.82948,61,8.317528,61,8.317528,13,1.772588,102,13.907997,102,13.907997,0,0,0,0,0,0,59,4,2,0,0,0,0,0,0,0,0,0,0,0,0,0,0,0,0
AL,Alabama,East South Central,South,2020,5024279,,,,,,,,,,,,,6,1,4,1,0,6,1070,6,4,0,0,0,0,0,0,0,0,12,1200000,242456.179688,1,0,0,0,0
AR,Arkansas,West South Central,South,2020,3011524,,,,,,,,,,,,,9,2,5,1,3,11,452,6,5,0,0,0,0,0,0,0,0,0,0,0,0,0,0,0,0
AZ,Arizona,Mountain,West,2020,7151502,112.916667,1.578922,1519,21.240293,1519,21.240293,127,1.775851,1928,26.959372,1928,26.959372,1,0,1,0,0,1,8253,8,5,0,0,0,0,0,0,0,0,0,0,0,0,0,0,0,0
CA,California,Pacific,West,2020,39538223,331.916667,0.839483,4195,10.609986,4195,10.609986,492,1.244365,5707,14.434134,5707,14.434134,5,2,0,0,3,5,6670,25,17,57,503588,945682.787891,23,0,0,0,0,18,2098570,467362.452637,1,0,0,0,0
CO,Colorado,Mountain,West,2020,5773714,46.833333,0.811147,498.333333,8.631071,586,10.149446,69.333333,1.200845,821.333333,14.22539,987,17.094716,8,3,3,0,2,8,729,5,4,0,0,0,0,0,0,0,0,0,0,0,0,0,0,0,0
CT,Connecticut,New England,Northeast,2020,3605944,117.833333,3.267753,1150,31.891788,1150,31.891788,126.166667,3.498853,1258,34.886842,1258,34.886842,0,0,0,0,0,0,490,9,5,3,46220,141368.492,1,0,0,0,0,0,0,0,0,0,0,0,0
DE,Delaware,South Atlantic,South,2020,989948,31,3.131478,367,37.072654,367,37.072654,33.083333,3.341926,411,41.517332,411,41.517332,0,0,0,0,0,0,18,2,2,0,0,0,0,0,0,0,0,1,70.7,2278.5,1,0,0,0,0
FL,Florida,South Atlantic,South,2020,21538187,410.25,1.904756,3992.25,18.535683,4752,22.063138,472.75,2.194939,4581.75,21.272682,5577,25.893544,5,0,3,1,1,5,7071,18,13,2,19330,54299.999,2,0,0,0,0,45,234910,347036.943,22,0,0,0,0
GA,Georgia,South Atlantic,South,2020,10711908,71.416667,0.666704,856,7.991107,856,7.991107,110.333333,1.030006,1259,11.753275,1259,11.753275,1,0,1,0,0,1,745,12,9,13,76951,355320.6808,9,0,0,0,0,13,1300000,443186.390625,1,0,0,0,0
HI,Hawaii,Pacific,West,2020,1455271,,,,,,,9.833333,0.675705,9.833333,0.675705,57,3.916796,0,0,0,0,0,0,25,3,2,0,0,0,0,0,0,0,0,0,0,0,0,0,0,0,0
IA,Iowa,West North Central,Midwest,2020,3190369,12.666667,0.397028,124,3.886698,162,5.077783,13.666667,0.428373,156,4.889717,213,6.676344,1,0,1,0,0,1,679,5,4,0,0,0,0,0,0,0,0,0,0,0,0,0,0,0,0
ID,Idaho,Mountain,West,2020,1839106,0,0,8.5,0.462181,36,1.957473,0,0,17.833333,0.969674,122,6.633658,1,0,1,0,0,1,151,2,1,0,0,0,0,0,0,0,0,0,0,0,0,0,0,0,0
IL,Illinois,East North Central,Midwest,2020,12812508,184.083333,1.436747,2478,19.340476,2478,19.340476,218.25,1.703414,2953,23.04779,2953,23.04779,2,1,1,0,0,2,5318,13,8,0,0,0,0,0,0,0,0,4,217988,120589.984,4,0,0,0,0
IN,Indiana,East North Central,Midwest,2020,6785528,129.666667,1.91093,1600,23.579595,1600,23.579595,155.666667,2.294098,1828,26.939687,1828,26.939687,1,0,1,0,0,1,2162,11,7,1,18140,72625.304,1,0,0,0,0,0,0,0,0,0,0,0,0
KS,Kansas,West North Central,Midwest,2020,2937880,29.666667,1.009798,159,5.412066,159,5.412066,40.25,1.370036,252,8.577614,252,8.577614,4,0,3,0,1,4,372,6,4,0,0,0,0,0,0,0,0,0,0,0,0,0,0,0,0
KY,Kentucky,East South Central,South,2020,4505836,170.916667,3.793229,1522,33.778415,1522,33.778415,179.416667,3.981873,1709,37.928589,1709,37.928589,7,0,6,0,1,7,4394,14,10,16,19329,310634.76,8,0,0,0,0,0,0,0,0,0,0,0,0
LA,Louisiana,West South Central,South,2020,4657757,,,,,,,,,,,,,4,1,3,0,0,4,1475,9,7,0,0,0,0,0,0,0,0,0,0,0,0,0,0,0,0
MA,Massachusetts,New England,Northeast,2020,7029917,177.75,2.528479,1942,27.624793,1942,27.624793,197.083333,2.803494,2059,29.289108,2059,29.289108,1,0,1,0,0,1,6630,15,10,4,17522,143324.936,3,0,0,0,0,0,0,0,0,0,0,0,0
MD,Maryland,South Atlantic,South,2020,6177224,152.083333,2.462001,2335,37.800151,2335,37.800151,174.166667,2.819497,2509,40.61695,2509,40.61695,3,1,2,0,0,3,5633,12,9,0,0,0,0,0,0,0,0,7,1600000,81567.114746,2,0,0,0,0
ME,Maine,New England,Northeast,2020,1362359,37.166667,2.728111,359,26.351351,359,26.351351,42.583333,3.125706,415,30.461868,415,30.461868,4,1,3,0,0,4,607,5,3,0,0,0,0,0,0,0,0,0,0,0,0,0,0,0,0
MI,Michigan,East North Central,Midwest,2020,10077331,195.916667,1.944132,195.916667,1.944132,1747,17.335939,221.416667,2.197176,221.416667,2.197176,2026,20.10453,0,0,0,0,0,0,2064,8,4,3,16064,41,3,0,0,0,0,19,200000,61744.529352,7,0,0,0,0
MN,Minnesota,West North Central,Midwest,2020,5706494,,,,,,,,,,,,,3,2,1,0,0,3,1297,9,8,0,0,0,0,0,0,0,0,0,0,0,0,0,0,0,0
MO,Missouri,West North Central,Midwest,2020,6154913,89.416667,1.452769,1236,20.081519,1236,20.081519,105.083333,1.707308,1411,22.924776,1411,22.924776,2,0,2,0,0,2,4573,12,9,29,16443,169307.066463,23,0,0,0,0,0,0,0,0,0,0,0,0
MS,Mississippi,East South Central,South,2020,2961279,23.833333,0.804832,280,9.455374,280,9.455374,25.25,0.852672,369,12.460832,369,12.460832,1,0,1,0,0,1,531,6,4,0,0,0,0,0,0,0,0,0,0,0,0,0,0,0,0
MT,Montana,Mountain,West,2020,1084225,2.5,0.230579,32,2.951417,30,2.766953,7.083333,0.653308,76,7.009615,85,7.839701,2,1,1,0,0,2,48,4,3,0,0,0,0,0,0,0,0,0,0,0,0,0,0,0,0
NC,North Carolina,South Atlantic,South,2020,10439388,172.083333,1.648404,2252,21.572146,2252,21.572146,192.583333,1.844776,2602,24.924833,2602,24.924833,2,1,1,0,0,2,4916,18,14,4,34322,93996.28,2,0,0,0,0,1,100000,21280.021484,1,0,0,0,0
ND,North Dakota,West North Central,Midwest,2020,779094,,,,,,,,,,,,,0,0,0,0,0,0,352,5,3,0,0,0,0,0,0,0,0,0,0,0,0,0,0,0,0
NE,Nebraska,West North Central,Midwest,2020,1961504,,,,,,,,,,,,,0,0,0,0,0,0,128,4,3,0,0,0,0,0,0,0,0,0,0,0,0,0,0,0,0
NH,New Hampshire,New England,Northeast,2020,1377529,42.75,3.103383,324,23.520376,324,23.520376,45.5,3.303016,347,25.190032,347,25.190032,1,0,1,0,0,1,1593,10,7,0,0,0,0,0,0,0,0,1,1000000,33159.613281,1,0,0,0,0
NJ,New Jersey,Middle Atlantic,Northeast,2020,9288994,166.416667,1.791547,2324,25.018856,2324,25.018856,187.666667,2.020312,2532,27.258065,2532,27.258065,0,0,0,0,0,0,13696,35,27,36,220328,1616373.183,17,0,0,0,0,0,0,0,0,0,0,0,0
NM,New Mexico,Mountain,West,2020,2117522,31.416667,1.483652,315,14.875879,315,14.875879,50.416667,2.380928,532,25.123706,532,25.123706,0,0,0,0,0,0,395,9,8,0,0,0,0,0,0,0,0,0,0,0,0,0,0,0,0
NV,Nevada,Mountain,West,2020,3104614,30,0.966304,300,9.663037,300,9.663037,52.166667,1.680295,597,19.229444,597,19.229444,2,2,0,0,0,2,175,5,4,0,0,0,0,0,0,0,0,0,0,0,0,0,0,0,0
NY,New York,Middle Atlantic,Northeast,2020,20201249,162.333333,0.803581,2142,10.603305,2142,10.603305,188,0.930636,2451,12.132913,2451,12.132913,0,0,0,0,0,0,3844,21,15,3,26800,15491.07,2,0,0,0,0,19,355847,184708.006,1,0,0,0,0
OH,Ohio,East North Central,Midwest,2020,11799448,323.666667,2.743066,4126,34.967737,4126,34.967737,365.75,3.099721,4397,37.264455,4397,37.264455,5,0,5,0,0,5,25158,37,29,16,46772,483051.485,9,0,0,0,0,2,1878,19343.527,2,0,0,0,0
OK,Oklahoma,West South Central,South,2020,3959353,19.666667,0.496714,139.333333,3.519093,138,3.485418,38.583333,0.974486,305,7.703279,305,7.703279,4,0,4,0,0,4,193,5,3,0,0,0,0,0,0,0,0,0,0,0,0,0,0,0,0
OR,Oregon,Pacific,West,2020,4237256,24.75,0.584104,239,5.640443,239,5.640443,45.333333,1.069875,495,11.682089,495,11.682089,4,0,4,0,0,4,420,7,4,5,72002,132227,2,0,0,0,0,0,0,0,0,0,0,0,0
PA,Pennsylvania,Middle Atlantic,Northeast,2020,13002700,,,,,,,,,,,,,0,0,0,0,0,0,10724,30,23,1,2030,23255.274,1,0,0,0,0,27,32031,115016.054593,21,0,0,0,0
RI,Rhode Island,New England,Northeast,2020,1097379,20,1.822524,291,26.51773,291,26.51773,28.333333,2.58191,330,30.071653,330,30.071653,2,0,2,0,0,2,653,7,6,0,0,0,0,0,0,0,0,0,0,0,0,0,0,0,0
SC,South Carolina,South Atlantic,South,2020,5118425,102.75,2.007453,1133,22.135716,1133,22.135716,121.75,2.378661,1396,27.274015,1396,27.274015,2,1,1,0,0,2,2020,17,15,0,0,0,0,0,0,0,0,108,10326432,2260688.177734,26,8,350000,65534.865234,2
SD,South Dakota,West North Central,Midwest,2020,886667,3.916667,0.441729,26.083333,2.941728,25,2.819548,6.416667,0.723684,36,4.060149,36,4.060149,1,0,1,0,0,1,6,3,2,0,0,0,0,0,0,0,0,1,0,146.15733,1,0,0,0,0
TN,Tennessee,East South Central,South,2020,6910840,152.666667,2.20909,2129,30.806675,2129,30.806675,179.666667,2.59978,2442,35.335791,2442,35.335791,2,0,2,0,0,2,4839,18,13,4,13740,284515.814,3,0,0,0,0,7,660254,250082.895781,3,0,0,0,0
TX,Texas,West South Central,South,2020,29145505,102.25,0.350826,1012,3.472234,1012,3.472234,197,0.675919,2095,7.188072,2095,7.188072,0,0,0,0,0,0,1095,14,9,678,37439510,41096374.305965,69,16,1600000,925073,2,632,24016039,18086126.788608,127,0,0,0,0
UT,Utah,Mountain,West,2020,3271616,15.25,0.46613,154,4.707154,154,4.707154,29.583333,0.904242,443,13.540709,443,13.540709,0,0,0,0,0,0,54,3,2,4,63,27200,3,0,0,0,0,0,0,0,0,0,0,0,0
VA,Virginia,South Atlantic,South,2020,8631393,138.75,1.607504,1640,19.000409,1640,19.000409,152.833333,1.770668,1863,21.584002,1863,21.584002,3,3,0,0,0,3,5981,16,12,0,0,0,0,0,0,0,0,3,240657,241081.967,1,0,0,0,0
VT,Vermont,New England,Northeast,2020,643077,17.75,2.760167,133,20.681816,133,20.681816,18.416667,2.863835,154,23.947366,154,23.947366,1,0,1,0,0,1,1430,7,4,0,0,0,0,0,0,0,0,0,0,0,0,0,0,0,0
WA,Washington,Pacific,West,2020,7705281,61.416667,0.797072,661,8.578532,661,8.578532,108.5,1.408125,1188,15.417997,1188,15.417997,0,0,0,0,0,0,1302,9,7,20,1017076,1806248.22875,6,0,0,0,0,51,262893.4,387160.359287,29,2,20000,12291.918945,1
WI,Wisconsin,East North Central,Midwest,2020,5893718,81.916667,1.389898,1076,18.256727,1076,18.256727,104.166667,1.767419,1257,21.327793,1257,21.327793,2,1,1,0,0,2,956,9,5,48,101279,680268.627494,36,0,0,0,0,0,0,0,0,0,0,0,0
WV,West Virginia,South Atlantic,South,2020,1793716,91.666667,5.110434,1052,58.649195,1052,58.649195,102,5.686519,1137,63.387961,1137,63.387961,2,0,2,0,0,2,1799,20,17,0,0,0,0,0,0,0,0,0,0,0,0,0,0,0,0
WY,Wyoming,Mountain,West,2020,576851,1.166667,0.202247,13.166667,2.282507,28,4.85394,6.666667,1.1557,60.333333,10.459084,60,10.401299,1,0,0,1,0,1,43,3,3,0,0,0,0,0,0,0,0,0,0,0,0,0,0,0,0
AK,Alaska,Pacific,West,2021,732673,5.083333,0.693807,150,20.47298,150,20.47298,8,1.091892,198,27.024334,198,27.024334,0,0,0,0,0,0,154,6,4,0,0,0,0,0,0,0,0,0,0,0,0,0,0,0,0
AL,Alabama,East South Central,South,2021,5039877,,,,,,,,,,,,,6,1,4,1,0,6,1438,10,8,0,0,0,0,0,0,0,0,0,0,0,0,0,0,0,0
AR,Arkansas,West South Central,South,2021,3025891,19.333333,0.63893,43.666667,1.443101,269,8.889943,31.916667,1.054786,61.833333,2.043475,338,11.170264,9,2,5,1,3,11,931,7,5,0,0,0,0,0,0,0,0,0,0,0,0,0,0,0,0
AZ,Arizona,Mountain,West,2021,7276316,150.916667,2.074081,1792,24.627847,1792,24.627847,174,2.39132,2034,27.953706,2034,27.953706,1,0,1,0,0,1,13969,11,7,7,276,1985.25,2,0,0,0,0,0,0,0,0,0,0,0,0
CA,California,Pacific,West,2021,39237836,456.916667,1.16448,6411,16.338822,6411,16.338822,559,1.424645,7538,19.211049,7538,19.211049,5,2,0,0,3,5,11233,43,32,85,6093130,2436758.638875,21,0,0,0,0,19,2166636,372122.800547,3,0,0,0,0
CO,Colorado,Mountain,West,2021,5812069,79.833333,1.373579,818.333333,14.079897,987,16.981904,88.333333,1.519826,1068.333333,18.381291,1300,22.36725,8,3,3,0,2,8,2241,10,7,0,0,0,0,0,0,0,0,0,0,0,0,0,0,0,0
CT,Connecticut,New England,Northeast,2021,3605597,108.833333,3.018455,1303,36.138259,1303,36.138259,118.166667,3.277312,1411,39.133603,1411,39.133603,0,0,0,0,0,0,780,16,10,2,20263,59532.985,2,0,0,0,0,0,0,0,0,0,0,0,0
DE,Delaware,South Atlantic,South,2021,1003384,52,5.182463,409,40.762061,409,40.762061,58.083333,5.788744,447,44.549245,447,44.549245,0,0,0,0,0,0,48,3,3,3,17100,106245.89,3,0,0,0,0,1,20,1830.348,1,0,0,0,0
FL,Florida,South Atlantic,South,2021,21781128,403.25,1.851373,3959,18.176285,5445,24.998705,439.75,2.01895,4365,20.040284,6052,27.785521,5,0,3,1,1,5,9337,20,12,0,0,0,0,0,0,0,0,4,0,28947.535,4,0,0,0,0
GA,Georgia,South Atlantic,South,2021,10799566,142.416667,1.318726,1379,12.769032,1379,12.769032,183.333333,1.697599,1734,16.056201,1734,16.056201,1,0,1,0,0,1,1615,14,10,12,233160,768572.36,5,0,0,0,0,14,1400000,641635.730469,1,0,0,0,0
HI,Hawaii,Pacific,West,2021,1441553,,,,,,,8.833333,0.612765,8.833333,0.612765,76,5.272092,0,0,0,0,0,0,195,6,4,0,0,0,0,0,0,0,0,0,0,0,0,0,0,0,0
IA,Iowa,West North Central,Midwest,2021,3193079,29.666667,0.929093,153,4.791613,213,6.670677,33.666667,1.054364,188,5.887734,258,8.079975,1,0,1,0,0,1,815,7,4,0,0,0,0,0,0,0,0,0,0,0,0,0,0,0,0
ID,Idaho,Mountain,West,2021,1900923,12.5,0.657575,84,4.418906,150,7.890904,18.833333,0.990747,154.166667,8.110095,226,11.888961,1,0,1,0,0,1,1087,10,8,0,0,0,0,0,0,0,0,0,0,0,0,0,0,0,0
IL,Illinois,East North Central,Midwest,2021,12671469,232.083333,1.831542,2758,21.765432,2758,21.765432,273.25,2.156419,3102,24.480192,3102,24.480192,2,1,1,0,0,2,6381,12,8,1,114,1000,1,0,0,0,0,0,0,0,0,0,0,0,0
IN,Indiana,East North Central,Midwest,2021,6805985,150.666667,2.213738,1985,29.165507,1985,29.165507,168.666667,2.478211,2181,32.045325,2181,32.045325,1,0,1,0,0,1,3387,13,10,0,0,0,0,0,0,0,0,0,0,0,0,0,0,0,0
KS,Kansas,West North Central,Midwest,2021,2934582,24.666667,0.840551,344,11.722283,344,11.722283,32.25,1.098964,432,14.721006,432,14.721006,4,0,3,0,1,4,1513,9,7,0,0,0,0,0,0,0,0,0,0,0,0,0,0,0,0
KY,Kentucky,East South Central,South,2021,4509394,162.916667,3.612828,1731,38.386533,1731,38.386533,162.416667,3.60174,1912,42.400376,1912,42.400376,7,0,6,0,1,7,5799,14,12,8,20382,109285.914,7,0,0,0,0,0,0,0,0,0,0,0,0
LA,Louisiana,West South Central,South,2021,4624047,,,,,,,,,,,,,4,1,3,0,0,4,3000,14,11,5,105800,203885.064,2,0,0,0,0,0,0,0,0,0,0,0,0
MA,Massachusetts,New England,Northeast,2021,6984723,202.75,2.902764,2150,30.781464,2150,30.781464,218.083333,3.12229,2238,32.041357,2238,32.041357,1,0,1,0,0,1,8894,16,12,6,18950,212176.3245,4,0,0,0,0,0,0,0,0,0,0,0,0
MD,Maryland,South Atlantic,South,2021,6165129,157.083333,2.547933,2297,37.257939,2297,37.257939,174.166667,2.825029,2457,39.853181,2457,39.853181,3,1,2,0,0,3,4484,12,8,3,41010,183910.453,2,0,0,0,0,0,0,0,0,0,0,0,0
ME,Maine,New England,Northeast,2021,1372247,45.166667,3.291439,501,36.509462,501,36.509462,53.583333,3.904788,552,40.225994,552,40.225994,4,1,3,0,0,4,739,6,4,0,0,0,0,0,0,0,0,0,0,0,0,0,0,0,0
MI,Michigan,East North Central,Midwest,2021,10050811,188.916667,1.879616,188.916667,1.879616,2102,20.913735,205.416667,2.043782,205.416667,2.043782,2349,23.371248,0,0,0,0,0,0,1058,9,5,0,0,0,0,0,0,0,0,2,200000,100896.121094,1,0,0,0,0
MN,Minnesota,West North Central,Midwest,2021,5707390,72.333333,1.267363,778,13.63145,868,15.208353,80.333333,1.407532,891,15.611339,964,16.890382,3,2,1,0,0,3,2514,9,7,0,0,0,0,0,0,0,0,0,0,0,0,0,0,0,0
MO,Missouri,West North Central,Midwest,2021,6168187,113.416667,1.838736,1477,23.945448,1477,23.945448,128.083333,2.076515,1614,26.166522,1614,26.166522,2,0,2,0,0,2,6231,15,10,1,2,2116.231508,1,0,0,0,0,0,0,0,0,0,0,0,0
MS,Mississippi,East South Central,South,2021,2949965,36.833333,1.248602,453,15.356114,453,15.356114,38.25,1.296626,531,18.000214,531,18.000214,1,0,1,0,0,1,1034,8,5,0,0,0,0,0,0,0,0,0,0,0,0,0,0,0,0
MT,Montana,Mountain,West,2021,1104271,12.5,1.131969,64,5.795679,64,5.795679,13.083333,1.184794,108,9.780208,108,9.780208,2,1,1,0,0,2,319,6,4,0,0,0,0,0,0,0,0,0,0,0,0,0,0,0,0
NC,North Carolina,South Atlantic,South,2021,10551162,277.083333,2.626093,3008,28.508708,3008,28.508708,298.583333,2.829862,3285,31.134012,3285,31.134012,2,1,1,0,0,2,5015,27,21,7,75120,219238.796,3,0,0,0,0,2,200000,173700.234375,1,0,0,0,0
ND,North Dakota,West North Central,Midwest,2021,774948,,,,,,,,,,,,,0,0,0,0,0,0,575,6,4,0,0,0,0,0,0,0,0,0,0,0,0,0,0,0,0
NE,Nebraska,West North Central,Midwest,2021,1963692,7.666667,0.390421,98,4.990599,92,4.685052,9.666667,0.49227,115,5.856316,116,5.90724,0,0,0,0,0,0,306,10,8,0,0,0,0,0,0,0,0,0,0,0,0,0,0,0,0
NH,New Hampshire,New England,Northeast,2021,1388992,52.75,3.797718,345,24.838156,345,24.838156,58.5,4.211687,377,27.141985,377,27.141985,1,0,1,0,0,1,2447,11,8,1,1090,0,1,0,0,0,0,0,0,0,0,0,0,0,0
NJ,New Jersey,Middle Atlantic,Northeast,2021,9267130,183.416667,1.979218,2466,26.61018,2466,26.61018,191.666667,2.068242,2638,28.466203,2638,28.466203,0,0,0,0,0,0,17218,33,24,76,1568404,6437159.300335,28,0,0,0,0,3,110000,42008.841594,2,0,0,0,0
NM,New Mexico,Mountain,West,2021,2115877,46.416667,2.193732,595,28.120727,595,28.120727,62.416667,2.949919,746,35.257248,746,35.257248,0,0,0,0,0,0,1934,8,6,0,0,0,0,0,0,0,0,0,0,0,0,0,0,0,0
NV,Nevada,Mountain,West,2021,3143991,28,0.890588,364,11.577641,364,11.577641,42.166667,1.341183,622,19.783772,622,19.783772,2,2,0,0,0,2,342,10,8,0,0,0,0,0,0,0,0,0,0,0,0,0,0,0,0
NY,New York,Middle Atlantic,Northeast,2021,19835913,199.333333,1.004911,2432,12.26059,2432,12.26059,226,1.139348,2678,13.500765,2678,13.500765,0,0,0,0,0,0,4997,26,19,34,1059421,1623430.37985,11,0,0,0,0,9,149699.521237,73139.263,2,0,0,0,0
OH,Ohio,East North Central,Midwest,2021,11780017,296.666667,2.518389,4209,35.729999,4209,35.729999,325.75,2.765276,4479,38.022016,4479,38.022016,5,0,5,0,0,5,30700,35,29,2,2620,26222.532,2,0,0,0,0,6,11508,45896.081,6,0,0,0,0
OK,Oklahoma,West South Central,South,2021,3986639,43.666667,1.095325,318,7.976644,318,7.976644,56.583333,1.419324,444,11.137201,444,11.137201,4,0,4,0,0,4,723,9,6,0,0,0,0,0,0,0,0,0,0,0,0,0,0,0,0
OR,Oregon,Pacific,West,2021,4246155,44.75,1.053895,532,12.528982,532,12.528982,66.333333,1.562198,783,18.440212,783,18.440212,4,0,4,0,0,4,792,11,8,1,1200,12649.92,1,0,0,0,0,0,0,0,0,0,0,0,0
PA,Pennsylvania,Middle Atlantic,Northeast,2021,12964056,,,,,,,,,,,,,0,0,0,0,0,0,20742,26,19,2,38890,120292.471,2,0,0,0,0,6,220132,45136.408203,3,0,0,0,0
RI,Rhode Island,New England,Northeast,2021,1095610,25,2.281834,346,31.580581,346,31.580581,32.333333,2.951172,387,35.322788,387,35.322788,2,0,2,0,0,2,1242,10,8,1,530,0,1,0,0,0,0,0,0,0,0,0,0,0,0
SC,South Carolina,South Atlantic,South,2021,5190705,141.75,2.730843,1528,29.437234,1528,29.437234,156.75,3.019821,1732,33.367336,1732,33.367336,2,1,1,0,0,2,3083,16,14,5,158880,626746.9955,3,0,0,0,0,107,10590595,4534987.026812,25,7,700000,900758.775391,1
SD,South Dakota,West North Central,Midwest,2021,895376,1.916667,0.214063,32.083333,3.583225,32,3.573918,4.416667,0.493275,43.583333,4.867601,43,4.802452,1,0,1,0,0,1,31,4,3,0,0,0,0,0,0,0,0,0,0,0,0,0,0,0,0
TN,Tennessee,East South Central,South,2021,6975218,199.666667,2.862515,2850,40.858938,2850,40.858938,227.666667,3.263936,3094,44.357037,3094,44.357037,2,0,2,0,0,2,8288,19,14,1,2080,23033.92,1,0,0,0,0,11,1020194,152822.724156,2,0,0,0,0
TX,Texas,West South Central,South,2021,29527941,145.25,0.491907,1788,6.055282,1788,6.055282,207,0.701031,2697,9.133722,2697,9.133722,0,0,0,0,0,0,2622,14,10,409,17275511,43343765.883787,70,13,1300000,1412757.03125,1,759,41752923,79051992.428453,151,0,0,0,0
UT,Utah,Mountain,West,2021,3337975,19.25,0.576697,198,5.93174,198,5.93174,34.583333,1.036057,453,13.571102,453,13.571102,0,0,0,0,0,0,188,7,5,0,0,0,0,0,0,0,0,0,0,0,0,0,0,0,0
VA,Virginia,South Atlantic,South,2021,8642274,176.75,2.045179,2047,23.685896,2047,23.685896,181.833333,2.103999,2208,25.548831,2208,25.548831,3,3,0,0,0,3,7543,15,11,0,0,0,0,0,0,0,0,3,158765,195828.043,2,0,0,0,0
VT,Vermont,New England,Northeast,2021,645570,16.75,2.594606,207,32.064687,207,32.064687,17.416667,2.697874,221,34.233313,221,34.233313,1,0,1,0,0,1,1984,8,5,0,0,0,0,0,0,0,0,0,0,0,0,0,0,0,0
WA,Washington,Pacific,West,2021,7738692,108.416667,1.400969,1215,15.700328,1215,15.700328,139.5,1.80263,1625,20.998381,1625,20.998381,0,0,0,0,0,0,1692,13,10,2,38080,148405.376,2,0,0,0,0,33,78564,110887.756966,23,0,0,0,0
WI,Wisconsin,East North Central,Midwest,2021,5895908,100.916667,1.711639,1293,21.930464,1293,21.930464,114.166667,1.936371,1427,24.203227,1427,24.203227,2,1,1,0,0,2,1226,8,5,2,7,695200,1,0,0,0,0,0,0,0,0,0,0,0,0
WV,West Virginia,South Atlantic,South,2021,1782959,65.666667,3.683016,1193,66.911241,1193,66.911241,76,4.262577,1250,70.108174,1250,70.108174,2,0,2,0,0,2,3452,16,12,0,0,0,0,0,0,0,0,0,0,0,0,0,0,0,0
WY,Wyoming,Mountain,West,2021,578803,1.166667,0.201565,16.166667,2.793121,33,5.701422,6.666667,1.151802,62,10.711762,62,10.711762,1,0,0,1,0,1,216,3,3,0,0,0,0,0,0,0,0,0,0,0,0,0,0,0,0
AK,Alaska,Pacific,West,2022,733583,21.083333,2.874022,156,21.265487,156,21.265487,24,3.271613,185,25.218687,185,25.218687,0,0,0,0,0,0,341,7,5,0,0,0,0,0,0,0,0,0,0,0,0,0,0,0,0
AL,Alabama,East South Central,South,2022,5074296,80.916667,1.594638,846,16.672264,971,19.135659,89.666667,1.767076,966,19.037124,1076,21.204912,6,1,4,1,0,6,1879,8,5,0,0,0,0,0,0,0,0,0,0,0,0,0,0,0,0
AR,Arkansas,West South Central,South,2022,3045637,24.333333,0.798957,302,9.915824,292,9.587485,29.916667,0.982279,351,11.524683,359,11.787354,9,2,5,1,3,11,1292,12,9,0,0,0,0,0,0,0,0,0,0,0,0,0,0,0,0
AZ,Arizona,Mountain,West,2022,7359197,143.916667,1.955603,1776,24.133068,1776,24.133068,168,2.282858,1965,26.701283,1965,26.701283,1,0,1,0,0,1,17689,18,13,0,0,0,0,0,0,0,0,0,0,0,0,0,0,0,0
CA,California,Pacific,West,2022,39029342,584.916667,1.498659,7045,18.050522,7045,18.050522,688,1.762776,7929,20.315485,7929,20.315485,5,2,0,0,3,5,14299,38,29,39,1489202,926142.961715,14,0,0,0,0,14,1593926,749000.563922,4,0,0,0,0
CO,Colorado,Mountain,West,2022,5839926,99.833333,1.709497,830.333333,14.218217,992,16.986517,106.333333,1.820799,998.333333,17.094965,1207,20.66807,8,3,3,0,2,8,3134,13,9,1,17459,53008.931155,1,0,0,0,0,0,0,0,0,0,0,0,0
CT,Connecticut,New England,Northeast,2022,3626205,104.833333,2.890993,1253,34.554031,1253,34.554031,116.166667,3.203533,1345,37.091119,1345,37.091119,0,0,0,0,0,0,1233,14,9,0,0,0,0,0,0,0,0,0,0,0,0,0,0,0,0
DE,Delaware,South Atlantic,South,2022,1018396,50,4.909681,450,44.187133,450,44.187133,55.083333,5.408832,485,47.623911,485,47.623911,0,0,0,0,0,0,95,4,3,0,0,0,0,0,0,0,0,0,0,0,0,0,0,0,0
FL,Florida,South Atlantic,South,2022,22244823,380.25,1.709386,3770,16.947764,5370,24.140448,424.75,1.909433,4122,18.530154,5902,26.532016,5,0,3,1,1,5,9085,20,14,3,28728,34053.210244,3,0,0,0,0,0,0,0,0,0,0,0,0
GA,Georgia,South Atlantic,South,2022,10912876,134.416667,1.231725,1657,15.183898,1657,15.183898,148.333333,1.359251,1917,17.566405,1917,17.566405,1,0,1,0,0,1,1748,8,6,15,329675,1102501.025631,2,0,0,0,0,8,700001,622946.284375,3,0,0,0,0
HI,Hawaii,Pacific,West,2022,1440196,,,,,,,7.833333,0.543907,7.833333,0.543907,101,7.012934,0,0,0,0,0,0,111,5,4,0,0,0,0,0,0,0,0,0,0,0,0,0,0,0,0
IA,Iowa,West North Central,Midwest,2022,3200517,9.666667,0.302035,152,4.749233,203,6.342725,8.666667,0.27079,174,5.436622,237,7.405054,1,0,1,0,0,1,939,7,5,4,32256,80743.469331,1,0,0,0,0,0,0,0,0,0,0,0,0
ID,Idaho,Mountain,West,2022,1939033,19.5,1.005656,186,9.59241,186,9.59241,32.833333,1.693284,251,12.944597,251,12.944597,1,0,1,0,0,1,2565,10,8,0,0,0,0,0,0,0,0,0,0,0,0,0,0,0,0
IL,Illinois,East North Central,Midwest,2022,12582032,245.083333,1.947884,2946,23.414342,2946,23.414342,279.25,2.219435,3213,25.536416,3213,25.536416,2,1,1,0,0,2,5755,12,8,5,157890,221457.059231,4,0,0,0,0,4,55577.700576,124109.935,2,0,0,0,0
IN,Indiana,East North Central,Midwest,2022,6833037,147.666667,2.161069,1898,27.776814,1898,27.776814,166.666667,2.43913,2051,30.015936,2051,30.015936,1,0,1,0,0,1,3637,15,11,0,0,0,0,0,0,0,0,0,0,0,0,0,0,0,0
KS,Kansas,West North Central,Midwest,2022,2937150,41.666667,1.418609,421,14.333623,421,14.333623,51.25,1.744889,509,17.329724,509,17.329724,4,0,3,0,1,4,3702,12,10,1,3300,27316.190518,1,0,0,0,0,0,0,0,0,0,0,0,0
KY,Kentucky,East South Central,South,2022,4512310,143.916667,3.189423,1650,36.566637,1650,36.566637,155.416667,3.444282,1803,39.957361,1803,39.957361,7,0,6,0,1,7,5558,20,15,0,0,0,0,0,0,0,0,0,0,0,0,0,0,0,0
LA,Louisiana,West South Central,South,2022,4590241,,,,,,,,,,,,,4,1,3,0,0,4,3882,14,11,0,0,0,0,0,0,0,0,0,0,0,0,0,0,0,0
MA,Massachusetts,New England,Northeast,2022,6981974,208.75,2.989842,2230,31.939391,2230,31.939391,225.083333,3.223778,2334,33.428941,2334,33.428941,1,0,1,0,0,1,7691,13,10,4,1546.453592,20598.698731,4,0,0,0,0,0,0,0,0,0,0,0,0
MD,Maryland,South Atlantic,South,2022,6164660,167.083333,2.710341,2047,33.2054,2047,33.2054,185.166667,3.00368,2212,35.881946,2212,35.881946,3,1,2,0,0,3,3690,12,8,7,140000,547750.679391,1,0,0,0,0,4,400000,131177.558594,1,0,0,0,0
ME,Maine,New England,Northeast,2022,1385340,62.166667,4.487466,573,41.361687,573,41.361687,67.583333,4.878465,622,44.898725,622,44.898725,4,1,3,0,0,4,558,7,5,0,0,0,0,0,0,0,0,0,0,0,0,0,0,0,0
MI,Michigan,East North Central,Midwest,2022,10034118,178.916667,1.783083,178.916667,1.783083,2201,21.935162,195.416667,1.947522,195.416667,1.947522,2422,24.137647,0,0,0,0,0,0,1005,9,5,6,41452,2171747.030774,4,0,0,0,0,4,200083.460928,123403.132812,3,0,0,0,0
MN,Minnesota,West North Central,Midwest,2022,5717184,84.333333,1.475085,958,16.756501,958,16.756501,93.333333,1.632505,1039,18.173283,1039,18.173283,3,2,1,0,0,3,3700,10,6,0,0,0,0,0,0,0,0,0,0,0,0,0,0,0,0
MO,Missouri,West North Central,Midwest,2022,6177957,119.416667,1.932948,1486,24.053259,1486,24.053259,135.083333,2.186537,1605,25.979462,1605,25.979462,2,0,2,0,0,2,5809,13,9,0,0,0,0,0,0,0,0,0,0,0,0,0,0,0,0
MS,Mississippi,East South Central,South,2022,2940057,32.833333,1.116758,435,14.795632,435,14.795632,34.25,1.164943,497,16.904434,497,16.904434,1,0,1,0,0,1,1220,10,7,0,0,0,0,0,0,0,0,0,0,0,0,0,0,0,0
MT,Montana,Mountain,West,2022,1122867,8.5,0.756991,89,7.926139,89,7.926139,8.083333,0.719883,116,10.330698,116,10.330698,2,1,1,0,0,2,1173,8,5,0,0,0,0,0,0,0,0,0,0,0,0,0,0,0,0
NC,North Carolina,South Atlantic,South,2022,10698973,274.083333,2.561772,3339,31.208603,3339,31.208603,295.583333,2.762726,3602,33.666783,3602,33.666783,2,1,1,0,0,2,6893,22,18,6,91522,205476.212483,4,0,0,0,0,10,1000000,549629.953125,1,0,0,0,0
ND,North Dakota,West North Central,Midwest,2022,779261,5.916667,0.759266,5.916667,0.759266,61,7.827929,5.833333,0.748572,5.833333,0.748572,75,9.624503,0,0,0,0,0,0,965,6,4,0,0,0,0,0,0,0,0,0,0,0,0,0,0,0,0
NE,Nebraska,West North Central,Midwest,2022,1967923,13.666667,0.694472,23.333333,1.185683,100,5.0815,10.666667,0.542027,20.333333,1.033238,117,5.945355,0,0,0,0,0,0,526,10,8,0,0,0,0,0,0,0,0,0,0,0,0,0,0,0,0
NH,New Hampshire,New England,Northeast,2022,1395231,45.75,3.279027,413,29.600833,413,29.600833,47.5,3.404454,428,30.675924,428,30.675924,1,0,1,0,0,1,2126,9,6,0,0,0,0,0,0,0,0,4,400000,158805.007812,1,0,0,0,0
NJ,New Jersey,Middle Atlantic,Northeast,2022,9261699,197.416667,2.131538,2462,26.582596,2462,26.582596,203.666667,2.199021,2606,28.137386,2606,28.137386,0,0,0,0,0,0,19172,28,21,20,139504.5,1478538.166587,8,0,0,0,0,3,26216.814368,179303.299,3,0,0,0,0
NM,New Mexico,Mountain,West,2022,2113344,56.416667,2.669545,640,30.283759,640,30.283759,68.416667,3.237365,722,34.163865,722,34.163865,0,0,0,0,0,0,3586,17,11,0,0,0,0,0,0,0,0,0,0,0,0,0,0,0,0
NV,Nevada,Mountain,West,2022,3177772,45,1.416086,491,15.451077,491,15.451077,55.166667,1.736017,694,21.839201,694,21.839201,2,2,0,0,0,2,498,8,5,0,0,0,0,0,0,0,0,1,0.136078,5.62,1,0,0,0,0
NY,New York,Middle Atlantic,Northeast,2022,19677151,213.333333,1.084168,2592,13.172639,2592,13.172639,242,1.229853,2841,14.438066,2841,14.438066,0,0,0,0,0,0,5647,28,23,58,1397695.226796,2612453.517659,7,0,0,0,0,67,1021698.879915,646495.162,10,0,0,0,0
OH,Ohio,East North Central,Midwest,2022,11756058,324.666667,2.761697,3997,33.999492,3997,33.999492,359.75,3.060124,4237,36.040993,4237,36.040993,5,0,5,0,0,5,27349,29,25,5,27522,122977.026124,4,0,0,0,0,1,0.317514,0,1,0,0,0,0
OK,Oklahoma,West South Central,South,2022,4019800,69.666667,1.733088,626,15.572914,626,15.572914,84.583333,2.104168,740,18.408876,740,18.408876,4,0,4,0,0,4,2131,13,9,0,0,0,0,0,0,0,0,0,0,0,0,0,0,0,0
OR,Oregon,Pacific,West,2022,4240137,122.75,2.894954,859,20.258779,859,20.258779,140.333333,3.309641,991,23.371886,991,23.371886,4,0,4,0,0,4,1517,11,8,10,174435,200955.60049,2,0,0,0,0,0,0,0,0,0,0,0,0
PA,Pennsylvania,Middle Atlantic,Northeast,2022,12972008,,,,,,,,,,,,,0,0,0,0,0,0,16832,21,14,3,9497,55015.050999,3,0,0,0,0,2,200000,26374.832031,1,0,0,0,0
RI,Rhode Island,New England,Northeast,2022,1093734,25,2.285748,330,30.17187,330,30.17187,33.333333,3.047664,357,32.640477,357,32.640477,2,0,2,0,0,2,1239,11,8,0,0,0,0,0,0,0,0,0,0,0,0,0,0,0,0
SC,South Carolina,South Atlantic,South,2022,5282634,169.75,3.213359,1667,31.556227,1667,31.556227,191.75,3.629818,1861,35.228638,1861,35.228638,2,1,1,0,0,2,3105,14,12,4,13930,870800.675742,3,0,0,0,0,162,15926151,10665265.884895,19,0,0,0,0
SD,South Dakota,West North Central,Midwest,2022,909824,2.916667,0.320575,28.166667,3.095837,28,3.077518,5.416667,0.595353,36,3.956809,36,3.956809,1,0,1,0,0,1,154,4,3,0,0,0,0,0,0,0,0,0,0,0,0,0,0,0,0
TN,Tennessee,East South Central,South,2022,7051339,251.666667,3.569062,2863,40.602218,2863,40.602218,280.666667,3.980331,3084,43.736374,3084,43.736374,2,0,2,0,0,2,8381,17,11,3,7256,63796.523996,2,0,0,0,0,2,160118,239806.543,1,0,0,0,0
TX,Texas,West South Central,South,2022,30029572,212.25,0.706803,2387,7.948831,2387,7.948831,285,0.949064,3101,10.326488,3101,10.326488,0,0,0,0,0,0,4027,19,13,789,63170738.5,73204320.001225,93,39,3900000,3488748.601562,2,791,56514969,62953788.642266,129,0,0,0,0
UT,Utah,Mountain,West,2022,3380800,25.25,0.746865,213,6.300284,213,6.300284,41.583333,1.229985,436,12.896356,436,12.896356,0,0,0,0,0,0,417,7,5,0,0,0,0,0,0,0,0,0,0,0,0,0,0,0,0
VA,Virginia,South Atlantic,South,2022,8683619,182.75,2.104537,1972,22.709426,1972,22.709426,195.833333,2.255204,2108,24.275593,2108,24.275593,3,3,0,0,0,3,8559,12,8,3,7468,37981.626037,3,0,0,0,0,0,0,0,0,0,0,0,0
VT,Vermont,New England,Northeast,2022,647064,24.75,3.824969,218,33.69064,218,33.69064,24.416667,3.773455,232,35.854259,232,35.854259,1,0,1,0,0,1,2094,8,5,0,0,0,0,0,0,0,0,0,0,0,0,0,0,0,0
WA,Washington,Pacific,West,2022,7785786,247.416667,3.177799,1899,24.390601,1899,24.390601,262.5,3.371529,2101,26.985073,2101,26.985073,0,0,0,0,0,0,3237,14,9,4,32704,103798.652468,3,0,0,0,0,0,0,0,0,0,0,0,0
WI,Wisconsin,East North Central,Midwest,2022,5892539,88.916667,1.50897,1296,21.993915,1296,21.993915,111.166667,1.886566,1421,24.115241,1421,24.115241,2,1,1,0,0,2,1401,10,7,3,1361,10233.993879,2,0,0,0,0,0,0,0,0,0,0,0,0
WV,West Virginia,South Atlantic,South,2022,1775156,93.666667,5.276532,1074,60.501725,1074,60.501725,103,5.802307,1139,64.163375,1139,64.163375,2,0,2,0,0,2,3367,15,12,0,0,0,0,0,0,0,0,0,0,0,0,0,0,0,0
WY,Wyoming,Mountain,West,2022,581381,3.166667,0.54468,25.166667,4.328774,51,8.772216,11.666667,2.006716,80.333333,13.817674,79,13.588335,1,0,0,1,0,1,452,8,6,0,0,0,0,0,0,0,0,0,0,0,0,0,0,0,0
AK,Alaska,Pacific,West,2023,733406,41.083333,5.601718,270,36.814534,270,36.814534,42,5.726705,286,38.996136,286,38.996136,0,0,0,0,0,0,658,6,4,0,0,0,0,0,0,0,0,0,0,0,0,0,0,0,0
AL,Alabama,East South Central,South,2023,5108468,96.916667,1.897177,1099,21.513299,1099,21.513299,103.666667,2.02931,1196,23.412107,1196,23.412107,6,1,4,1,0,6,2162,8,5,0,0,0,0,0,0,0,0,3,129,1115.103,2,0,0,0,0
AR,Arkansas,West South Central,South,2023,3067732,16.333333,0.532424,269,8.768693,269,8.768693,21.916667,0.714426,312,10.17038,312,10.17038,9,2,5,1,3,11,1463,10,6,0,0,0,0,0,0,0,0,0,0,0,0,0,0,0,0
AZ,Arizona,Mountain,West,2023,7431344,106.916667,1.438726,1836,24.706164,1836,24.706164,118,1.587869,2009,27.034141,2009,27.034141,1,0,1,0,0,1,18006,15,10,1,0,0,1,0,0,0,0,0,0,0,0,0,0,0,0
CA,California,Pacific,West,2023,38965193,540.916667,1.388205,7954,20.41309,7954,20.41309,627,1.609128,8653,22.206999,8653,22.206999,5,2,0,0,3,5,15292,42,34,68,754778,2819497.892727,26,0,0,0,0,14,125196,208868.154,6,0,0,0,0
CO,Colorado,Mountain,West,2023,5877610,70.833333,1.205138,1001.333333,17.036403,1184,20.144242,79.333333,1.349755,1120.333333,19.061036,1348,22.934492,8,3,3,0,2,8,2337,9,6,0,0,0,0,0,0,0,0,0,0,0,0,0,0,0,0
CT,Connecticut,New England,Northeast,2023,3617176,91.833333,2.538813,1121,30.991027,1121,30.991027,98.166667,2.713904,1202,33.230343,1202,33.230343,0,0,0,0,0,0,1146,15,9,3,35024,164510.427636,1,0,0,0,0,3,0,8.76,1,0,0,0,0
DE,Delaware,South Atlantic,South,2023,1031890,35,3.391834,442,42.834023,442,42.834023,41.083333,3.981368,466,45.159852,466,45.159852,0,0,0,0,0,0,114,3,3,6,74838,435078.380513,5,0,0,0,0,0,0,0,0,0,0,0,0
FL,Florida,South Atlantic,South,2023,22610726,343.25,1.518085,3438,15.205173,5001,22.117821,372.75,1.648554,3762,16.638121,5467,24.17879,5,0,3,1,1,5,8851,14,9,7,260978,292118.321678,5,0,0,0,0,15,0,75387.004,7,0,0,0,0
GA,Georgia,South Atlantic,South,2023,11029227,103.416667,0.93766,1642,14.887716,1642,14.887716,126.333333,1.145441,1843,16.710147,1843,16.710147,1,0,1,0,0,1,1526,8,4,1,22281,111405,1,0,0,0,0,8,469,5006.783,8,0,0,0,0
HI,Hawaii,Pacific,West,2023,1435138,,,,,,,17.833333,1.242621,17.833333,1.242621,117,8.152526,0,0,0,0,0,0,80,5,4,0,0,0,0,0,0,0,0,0,0,0,0,0,0,0,0
IA,Iowa,West North Central,Midwest,2023,3207004,19.666667,0.613241,141,4.396627,194,6.04926,18.666667,0.582059,171,5.332079,238,7.421257,1,0,1,0,0,1,1481,10,9,8,66528,611211.370686,2,0,0,0,0,0,0,0,0,0,0,0,0
ID,Idaho,Mountain,West,2023,1964726,6.5,0.330835,200,10.179536,200,10.179536,12.833333,0.653187,251,12.775318,251,12.775318,1,0,1,0,0,1,2266,9,7,0,0,0,0,0,0,0,0,0,0,0,0,0,0,0,0
IL,Illinois,East North Central,Midwest,2023,12549689,182.083333,1.450899,2654,21.147934,2654,21.147934,208.25,1.659404,2907,23.163921,2907,23.163921,2,1,1,0,0,2,5180,11,6,4,21633,297871.367118,4,0,0,0,0,16,4765,62441.195,15,0,0,0,0
IN,Indiana,East North Central,Midwest,2023,6862199,106.666667,1.554409,1550,22.587512,1550,22.587512,120.666667,1.758426,1663,24.234214,1663,24.234214,1,0,1,0,0,1,3308,13,10,0,0,0,0,0,0,0,0,3,1,2.002,3,0,0,0,0
KS,Kansas,West North Central,Midwest,2023,2940547,22.666667,0.770832,347,11.800526,347,11.800526,34.25,1.164749,414,14.079013,414,14.079013,4,0,3,0,1,4,3208,13,10,6,187340,410677.473869,2,0,0,0,0,0,0,0,0,0,0,0,0
KY,Kentucky,East South Central,South,2023,4526154,143.916667,3.179668,1509,33.339564,1509,33.339564,153.416667,3.389559,1662,36.719917,1662,36.719917,7,0,6,0,1,7,5361,15,10,0,0,0,0,0,0,0,0,0,0,0,0,0,0,0,0
LA,Louisiana,West South Central,South,2023,4573749,,,,,,,,,,,,,4,1,3,0,0,4,4273,15,12,0,0,0,0,0,0,0,0,0,0,0,0,0,0,0,0
MA,Massachusetts,New England,Northeast,2023,7001399,175.75,2.510213,2008,28.679982,2008,28.679982,196.083333,2.800631,2104,30.051137,2104,30.051137,1,0,1,0,0,1,7584,14,10,4,1598,4607.591207,4,0,0,0,0,2,0,0,2,0,0,0,0
MD,Maryland,South Atlantic,South,2023,6180253,138.083333,2.234267,2034,32.911274,2034,32.911274,154.166667,2.494504,2176,35.208915,2176,35.208915,3,1,2,0,0,3,3369,12,8,1,20000,189119.662448,1,0,0,0,0,2,4,2573.978,2,0,0,0,0
ME,Maine,New England,Northeast,2023,1395722,41.166667,2.949489,487,34.892335,487,34.892335,43.583333,3.122637,512,36.683523,512,36.683523,4,1,3,0,0,4,308,7,5,2,0,101331.554,1,0,0,0,0,0,0,0,0,0,0,0,0
MI,Michigan,East North Central,Midwest,2023,10037261,165.916667,1.653007,165.916667,1.653007,2305,22.964432,180.416667,1.797469,180.416667,1.797469,2478,24.68801,0,0,0,0,0,0,919,9,4,4,43400,5454195.912404,1,0,0,0,0,2,200000,141091.703125,1,0,0,0,0
MN,Minnesota,West North Central,Midwest,2023,5737915,57.333333,0.999202,944,16.451969,944,16.451969,64.333333,1.121197,1003,17.480217,1003,17.480217,3,2,1,0,0,3,3025,11,7,0,0,0,0,0,0,0,0,1,0,1,1,0,0,0,0
MO,Missouri,West North Central,Midwest,2023,6196156,78.416667,1.26557,1381,22.288012,1381,22.288012,92.083333,1.486136,1476,23.821221,1476,23.821221,2,0,2,0,0,2,6497,15,10,0,0,0,0,0,0,0,0,0,0,0,0,0,0,0,0
MS,Mississippi,East South Central,South,2023,2939690,42.833333,1.45707,400,13.606877,400,13.606877,42.25,1.437226,446,15.171668,446,15.171668,1,0,1,0,0,1,1145,8,6,0,0,0,0,0,0,0,0,0,0,0,0,0,0,0,0
MT,Montana,Mountain,West,2023,1132812,11.5,1.015173,95,8.386211,95,8.386211,12.083333,1.066667,126,11.122764,126,11.122764,2,1,1,0,0,2,2235,9,6,0,0,0,0,0,0,0,0,0,0,0,0,0,0,0,0
NC,North Carolina,South Atlantic,South,2023,10835491,169.083333,1.560458,2362.75,21.805657,3188,29.421832,184.583333,1.703507,2518.25,23.240756,3391,31.295305,2,1,1,0,0,2,8226,18,14,24,12823,305445.950902,8,0,0,0,0,15,400932,261239.184625,7,0,0,0,0
ND,North Dakota,West North Central,Midwest,2023,783926,6.916667,0.882311,67.083333,8.557355,83,10.587734,7.833333,0.999244,90,11.480675,94,11.990928,0,0,0,0,0,0,1083,8,6,0,0,0,0,0,0,0,0,0,0,0,0,0,0,0,0
NE,Nebraska,West North Central,Midwest,2023,1978379,,,,,,,,,,,,,0,0,0,0,0,0,670,12,9,0,0,0,0,0,0,0,0,0,0,0,0,0,0,0,0
NH,New Hampshire,New England,Northeast,2023,1402054,36.75,2.621154,369,26.31853,369,26.31853,39.5,2.817295,389,27.745008,389,27.745008,1,0,1,0,0,1,1824,9,7,0,0,0,0,0,0,0,0,0,0,0,0,0,0,0,0
NJ,New Jersey,Middle Atlantic,Northeast,2023,9290841,135.416667,1.457529,2172,23.377862,2172,23.377862,145.666667,1.567852,2321,24.981592,2321,24.981592,0,0,0,0,0,0,16967,26,21,181,3030422,5082168.070273,15,0,0,0,0,26,20213.60776,230578.833,19,0,0,0,0
NM,New Mexico,Mountain,West,2023,2114371,56.416667,2.668248,655,30.97848,655,30.97848,67.416667,3.188498,719,34.005385,719,34.005385,0,0,0,0,0,0,4254,19,13,0,0,0,0,0,0,0,0,0,0,0,0,0,0,0,0
NV,Nevada,Mountain,West,2023,3194176,69,2.160182,772,24.168988,772,24.168988,73.166667,2.290627,935,29.272025,935,29.272025,2,2,0,0,0,2,560,7,5,0,0,0,0,0,0,0,0,0,0,0,0,0,0,0,0
NY,New York,Middle Atlantic,Northeast,2023,19571216,218.333333,1.115584,2656,13.57095,2656,13.57095,239,1.221181,2870,14.664393,2870,14.664393,0,0,0,0,0,0,5018,21,15,80,12595274,22178348.431275,16,0,0,0,0,73,19903970,700041.614,6,0,0,0,0
OH,Ohio,East North Central,Midwest,2023,11785935,208.666667,1.770472,3600,30.544883,3600,30.544883,244.75,2.076628,3810,32.326667,3810,32.326667,5,0,5,0,0,5,25625,28,24,3,38108,158053.192224,3,0,0,0,0,60,46319,353280.55,40,0,0,0,0
OK,Oklahoma,West South Central,South,2023,4053824,53.666667,1.323853,745,18.37771,745,18.37771,59.583333,1.469806,826,20.375823,826,20.375823,4,0,4,0,0,4,2827,10,6,0,0,0,0,0,0,0,0,2,35236,66279.222,1,0,0,0,0
OR,Oregon,Pacific,West,2023,4233358,104.75,2.474395,1338,31.606115,1338,31.606115,122.333333,2.889747,1454,34.346257,1454,34.346257,4,0,4,0,0,4,1921,8,6,25,439954,544190.682368,3,0,0,0,0,0,0,0,0,0,0,0,0
PA,Pennsylvania,Middle Atlantic,Northeast,2023,12961683,,,,,,,,,,,,,0,0,0,0,0,0,13700,16,12,4,18990,160417.738221,2,0,0,0,0,1265,0,0,151,1,0,0,1
RI,Rhode Island,New England,Northeast,2023,1095962,26,2.372345,315,28.741872,315,28.741872,31.333333,2.85898,345,31.479194,345,31.479194,2,0,2,0,0,2,1017,9,7,0,0,0,0,0,0,0,0,0,0,0,0,0,0,0,0
SC,South Carolina,South Atlantic,South,2023,5373555,116.75,2.172677,1552,28.882183,1552,28.882183,138.75,2.58209,1703,31.692241,1703,31.692241,2,1,1,0,0,2,2003,13,10,0,0,0,0,0,0,0,0,53,5077345,1913226.806828,13,0,0,0,0
SD,South Dakota,West North Central,Midwest,2023,919318,5.916667,0.643593,32.083333,3.489906,32,3.480841,7.416667,0.806757,37,4.024723,37,4.024723,1,0,1,0,0,1,180,4,3,0,0,0,0,0,0,0,0,0,0,0,0,0,0,0,0
TN,Tennessee,East South Central,South,2023,7126489,195.666667,2.745625,2840,39.851321,2840,39.851321,214.666667,3.012236,2997,42.054369,2997,42.054369,2,0,2,0,0,2,7633,12,8,0,0,0,0,0,0,0,0,1,79560,91694.041,1,0,0,0,0
TX,Texas,West South Central,South,2023,30503301,173.25,0.567971,2550,8.359751,2550,8.359751,227,0.744182,3133,10.27102,3133,10.27102,0,0,0,0,0,0,5433,17,12,861,76707579,92003179.466977,88,4,400000,525180.414062,1,796,52292969,76781330.04747,120,0,0,0,0
UT,Utah,Mountain,West,2023,3417734,35.25,1.031385,335,9.801816,335,9.801816,47.583333,1.392248,497,14.541799,497,14.541799,0,0,0,0,0,0,1274,8,5,14,253400,188783,1,0,0,0,0,0,0,0,0,0,0,0,0
VA,Virginia,South Atlantic,South,2023,8715698,134.75,1.546061,1926,22.098058,1926,22.098058,137.833333,1.581438,2054,23.566672,2054,23.566672,3,3,0,0,0,3,9845,10,7,0,0,0,0,0,0,0,0,0,0,0,0,0,0,0,0
VT,Vermont,New England,Northeast,2023,647464,19.75,3.050363,211,32.588684,211,32.588684,18.416667,2.844431,221,34.133172,221,34.133172,1,0,1,0,0,1,952,7,5,0,0,0,0,0,0,0,0,0,0,0,0,0,0,0,0
WA,Washington,Pacific,West,2023,7812880,233.416667,2.987588,2687,34.391927,2687,34.391927,243.5,3.116648,2865,36.670216,2865,36.670216,0,0,0,0,0,0,4255,12,8,5,21698,198131.667634,5,0,0,0,0,22,40900,200363.917,4,0,0,0,0
WI,Wisconsin,East North Central,Midwest,2023,5910955,70.916667,1.19975,1297,21.942309,1297,21.942309,89.166667,1.508498,1406,23.786342,1406,23.786342,2,1,1,0,0,2,1364,11,6,3,1100,33484.899178,2,0,0,0,0,2,1013,12918.577,2,0,0,0,0
WV,West Virginia,South Atlantic,South,2023,1770071,96.666667,5.461175,1158,65.421105,1158,65.421105,107,6.044955,1205,68.076365,1205,68.076365,2,0,2,0,0,2,3657,22,17,0,0,0,0,0,0,0,0,0,0,0,0,0,0,0,0
WY,Wyoming,Mountain,West,2023,584057,3.166667,0.542185,32.166667,5.507453,62,10.615402,6.666667,1.141441,84,14.382158,84,14.382158,1,0,0,1,0,1,1139,7,6,0,0,0,0,0,0,0,0,1,747,29397.16,1,0,0,0,0
AK,Alaska,Pacific,West,2024,740133,8.083333,1.092146,255,34.453267,255,34.453267,12,1.62133,276,37.290595,276,37.290595,0,0,0,0,0,0,780,7,3,0,0,0,0,0,0,0,0,0,0,0,0,0,0,0,0
AL,Alabama,East South Central,South,2024,5157699,69.916667,1.355579,714,13.843382,714,13.843382,69.666667,1.350732,797,15.452627,797,15.452627,6,1,4,1,0,6,806,9,6,0,0,0,0,0,0,0,0,1,0,2.96,1,0,0,0,0
AR,Arkansas,West South Central,South,2024,3088354,9.333333,0.302211,125,4.047463,125,4.047463,15.916667,0.515377,163,5.277892,163,5.277892,9,2,5,1,3,11,1424,14,12,0,0,0,0,0,0,0,0,0,0,0,0,0,0,0,0
AZ,Arizona,Mountain,West,2024,7582384,160.916667,2.122244,1525,20.112408,1525,20.112408,186,2.453054,1727,22.776478,1727,22.776478,1,0,1,0,0,1,14268,13,8,1,208,3148.496164,1,0,0,0,0,0,0,0,0,0,0,0,0
CA,California,Pacific,West,2024,39431263,338.916667,0.859513,5265,13.352349,5265,13.352349,413,1.047392,5929,15.036292,5929,15.036292,5,2,0,0,3,5,13787,40,31,72,239085,1429035.21559,22,0,0,0,0,11,397983,179799.806562,5,0,0,0,0
CO,Colorado,Mountain,West,2024,5957494,84.833333,1.423977,724.333333,12.158356,817,13.71382,91.333333,1.533083,870.333333,14.609051,1016,17.054151,8,3,3,0,2,8,2186,12,8,1,0,0,1,0,0,0,0,0,0,0,0,0,0,0,0
CT,Connecticut,New England,Northeast,2024,3675069,69.833333,1.900191,766,20.843146,766,20.843146,77.166667,2.099734,858,23.3465,858,23.3465,0,0,0,0,0,0,914,13,9,2,31840,60480,1,0,0,0,0,84,0,1228.735,25,0,0,0,0
DE,Delaware,South Atlantic,South,2024,1051917,30,2.851936,269,25.57236,269,25.57236,34.083333,3.240116,299,28.424296,299,28.424296,0,0,0,0,0,0,58,3,2,0,0,0,0,0,0,0,0,0,0,0,0,0,0,0,0
FL,Florida,South Atlantic,South,2024,23372215,148.25,0.6343,2308,9.874973,3592,15.368676,176.75,0.75624,2582,11.047306,4017,17.187074,5,0,3,1,1,5,8050,22,16,5,31355,119326.955031,4,0,0,0,0,6,0,306599.98,4,0,0,0,0
GA,Georgia,South Atlantic,South,2024,11180878,68.416667,0.611908,1074,9.605686,1074,9.605686,93.333333,0.834759,1265,11.313959,1265,11.313959,1,0,1,0,0,1,1425,7,5,7,146335,718696.852052,1,0,0,0,0,30,4992,94323.497,14,0,0,0,0
HI,Hawaii,Pacific,West,2024,1446146,,,,,,,17.833333,1.233163,17.833333,1.233163,132,9.127709,0,0,0,0,0,0,100,6,4,0,0,0,0,0,0,0,0,0,0,0,0,0,0,0,0
IA,Iowa,West North Central,Midwest,2024,3241488,15.666667,0.483317,93,2.869053,125,3.856254,18.666667,0.575867,129,3.979654,172,5.306205,1,0,1,0,0,1,967,8,7,11,116424,784772.194541,1,0,0,0,0,0,0,0,0,0,0,0,0
ID,Idaho,Mountain,West,2024,2001619,3.5,0.174858,125,6.244945,125,6.244945,12.833333,0.641148,196,9.792073,196,9.792073,1,0,1,0,0,1,1580,8,7,0,0,0,0,0,0,0,0,2,0,10,2,0,0,0,0
IL,Illinois,East North Central,Midwest,2024,12710158,93.083333,0.732354,1668,13.123362,1668,13.123362,116.25,0.914623,1873,14.736245,1873,14.736245,2,1,1,0,0,2,4756,11,6,5,60000,1418494.248815,3,0,0,0,0,7,200000,42784.749766,7,0,0,0,0
IN,Indiana,East North Central,Midwest,2024,6924275,62.666667,0.905029,1044,15.077391,1044,15.077391,78.666667,1.1361,1151,16.622679,1151,16.622679,1,0,1,0,0,1,2749,13,8,0,0,0,0,0,0,0,0,0,0,0,0,0,0,0,0
KS,Kansas,West North Central,Midwest,2024,2970606,33.666667,1.133327,286,9.627665,286,9.627665,39.25,1.321279,346,11.647455,346,11.647455,4,0,3,0,1,4,1840,11,10,9,5260,124499.490614,5,0,0,0,0,0,0,0,0,0,0,0,0
KY,Kentucky,East South Central,South,2024,4588372,70.916667,1.545574,934,20.355804,934,20.355804,80.416667,1.752619,1063,23.167258,1063,23.167258,7,0,6,0,1,7,3395,15,11,6,80975,294651.504635,4,0,0,0,0,1,0,2640.02,1,0,0,0,0
LA,Louisiana,West South Central,South,2024,4597740,,,,,,,,,,,,,4,1,3,0,0,4,3780,13,10,3,200000,121378.328125,2,0,0,0,0,1,0,10,1,0,0,0,0
MA,Massachusetts,New England,Northeast,2024,7136171,87.75,1.229651,1257,17.614488,1257,17.614488,104.083333,1.458532,1341,18.79159,1341,18.79159,1,0,1,0,0,1,7144,16,11,8,1951,16407.139049,7,0,0,0,0,1,0,0,1,0,0,0,0
MD,Maryland,South Atlantic,South,2024,6263220,66.083333,1.055102,1309,20.899793,1309,20.899793,76.166667,1.216094,1457,23.262795,1457,23.262795,3,1,2,0,0,3,3383,16,13,1,2016,8001.515789,1,0,0,0,0,4,0,5975.016,2,0,0,0,0
ME,Maine,New England,Northeast,2024,1405012,31.166667,2.218249,346,24.626124,346,24.626124,34.583333,2.461426,385,27.401901,385,27.401901,4,1,3,0,0,4,148,7,5,0,0,0,0,0,0,0,0,0,0,0,0,0,0,0,0
MI,Michigan,East North Central,Midwest,2024,10140459,104.916667,1.034634,104.916667,1.034634,1722,16.98148,118.416667,1.167764,118.416667,1.167764,1891,18.648071,0,0,0,0,0,0,824,10,5,5,46311,6596169.897355,2,0,0,0,0,10,0,0,1,0,0,0,0
MN,Minnesota,West North Central,Midwest,2024,5793151,33.333333,0.575392,610,10.529675,610,10.529675,46.333333,0.799795,678,11.703475,678,11.703475,3,2,1,0,0,3,2000,11,8,0,0,0,0,0,0,0,0,0,0,0,0,0,0,0,0
MO,Missouri,West North Central,Midwest,2024,6245466,49.416667,0.791241,839,13.433745,839,13.433745,63.083333,1.010066,934,14.954849,934,14.954849,2,0,2,0,0,2,5182,10,7,0,0,0,0,0,0,0,0,0,0,0,0,0,0,0,0
MS,Mississippi,East South Central,South,2024,2943045,17.833333,0.605948,250,8.494603,250,8.494603,16.25,0.552149,287,9.751805,287,9.751805,1,0,1,0,0,1,689,7,5,0,0,0,0,0,0,0,0,0,0,0,0,0,0,0,0
MT,Montana,Mountain,West,2024,1137233,6.5,0.571563,73,6.419089,73,6.419089,8.083333,0.71079,96,8.441542,96,8.441542,2,1,1,0,0,2,1993,9,7,0,0,0,0,0,0,0,0,0,0,0,0,0,0,0,0
NC,North Carolina,South Atlantic,South,2024,11046024,,,,,,,,,,,,,2,1,1,0,0,2,7835,18,13,41,50590,638718.028796,8,0,0,0,0,3,300000,71076.910156,2,0,0,0,0
ND,North Dakota,West North Central,Midwest,2024,796568,1.916667,0.240616,27.5,3.45231,54,6.779082,3.833333,0.481231,49,6.151389,84,10.545239,0,0,0,0,0,0,1056,5,3,0,0,0,0,0,0,0,0,0,0,0,0,0,0,0,0
NE,Nebraska,West North Central,Midwest,2024,2005466,,,,,,,,,,,,,0,0,0,0,0,0,316,8,5,0,0,0,0,0,0,0,0,0,0,0,0,0,0,0,0
NH,New Hampshire,New England,Northeast,2024,1409032,26.75,1.898466,222,15.755497,222,15.755497,31.5,2.235577,246,17.458794,246,17.458794,1,0,1,0,0,1,1929,13,9,0,0,0,0,0,0,0,0,0,0,0,0,0,0,0,0
NJ,New Jersey,Middle Atlantic,Northeast,2024,9500851,102.416667,1.077974,1479,15.567027,1479,15.567027,105.666667,1.112181,1598,16.819546,1598,16.819546,0,0,0,0,0,0,10934,32,27,41,154659,2987064.315193,18,0,0,0,0,37,302302,234191.001938,19,0,0,0,0
NM,New Mexico,Mountain,West,2024,2130256,48.416667,2.27281,428,20.091482,428,20.091482,64.416667,3.023893,502,23.565243,502,23.565243,0,0,0,0,0,0,3906,11,7,0,0,0,0,0,0,0,0,0,0,0,0,0,0,0,0
NV,Nevada,Mountain,West,2024,3267467,65,1.989309,799,24.453193,799,24.453193,71.166667,2.178038,937,28.676648,937,28.676648,2,2,0,0,0,2,324,8,5,0,0,0,0,0,0,0,0,0,0,0,0,0,0,0,0
NY,New York,Middle Atlantic,Northeast,2024,19867248,77.333333,0.38925,1554,7.821919,1554,7.821919,101,0.508374,1749,8.803434,1749,8.803434,0,0,0,0,0,0,4177,22,18,51,6341840,17543155.091139,16,2,38268,450235.189018,1,38,3067790,3066966.023336,7,0,0,0,0
OH,Ohio,East North Central,Midwest,2024,11883304,86.666667,0.729315,2084,17.53721,2084,17.53721,117.75,0.990886,2276,19.152922,2276,19.152922,5,0,5,0,0,5,19709,24,19,5,33408,99165.255955,5,0,0,0,0,57,67492,592954.033,31,0,0,0,0
OK,Oklahoma,West South Central,South,2024,4095393,46.666667,1.139492,515,12.575106,515,12.575106,61.583333,1.503722,595,14.52852,595,14.52852,4,0,4,0,0,4,2758,15,10,2,0,0,1,0,0,0,0,0,0,0,0,0,0,0,0
OR,Oregon,Pacific,West,2024,4272371,76.75,1.796426,998,23.359395,998,23.359395,90.333333,2.114361,1106,25.887265,1106,25.887265,4,0,4,0,0,4,1728,10,6,10,191000,250228.310389,1,0,0,0,0,0,0,0,0,0,0,0,0
PA,Pennsylvania,Middle Atlantic,Northeast,2024,13078751,,,,,,,,,,,,,0,0,0,0,0,0,13970,20,14,1,3344,2217.298164,1,0,0,0,0,402,100000,99.2,88,0,0,0,0
RI,Rhode Island,New England,Northeast,2024,1112308,5,0.449516,202,18.160438,202,18.160438,15.333333,1.378515,232,20.857532,232,20.857532,2,0,2,0,0,2,795,10,8,0,0,0,0,0,0,0,0,0,0,0,0,0,0,0,0
SC,South Carolina,South Atlantic,South,2024,5478831,72.75,1.327838,930,16.974424,930,16.974424,85.75,1.565115,1047,19.109916,1047,19.109916,2,1,1,0,0,2,2481,14,10,1,1060,18771.396527,1,0,0,0,0,7,256851,446180.453,6,0,0,0,0
SD,South Dakota,West North Central,Midwest,2024,924669,3.916667,0.423575,24,2.595523,24,2.595523,6.416667,0.693942,38,4.109579,38,4.109579,1,0,1,0,0,1,38,4,3,0,0,0,0,0,0,0,0,0,0,0,0,0,0,0,0
TN,Tennessee,East South Central,South,2024,7227750,97.666667,1.351273,1696,23.465117,1696,23.465117,114.666667,1.586478,1850,25.595794,1850,25.595794,2,0,2,0,0,2,7299,14,10,2,26902,48205.358701,2,0,0,0,0,9,158667,179750.15,7,0,0,0,0
TX,Texas,West South Central,South,2024,31290831,91.25,0.291619,1870,5.976192,1870,5.976192,146,0.46659,2415,7.717916,2415,7.717916,0,0,0,0,0,0,5321,19,14,806,79403043,73701962.93051,70,0,0,0,0,699,43962399,121380708.936774,115,0,0,0,0
UT,Utah,Mountain,West,2024,3503613,23.25,0.663601,303,8.648215,303,8.648215,30.583333,0.872908,451,12.872426,451,12.872426,0,0,0,0,0,0,1447,6,4,0,0,0,0,0,0,0,0,0,0,0,0,0,0,0,0
VA,Virginia,South Atlantic,South,2024,8811195,77.75,0.8824,1064,12.075547,1064,12.075547,77.833333,0.883346,1175,13.335308,1175,13.335308,3,3,0,0,0,3,8847,10,7,7,121804,113856.420352,1,0,0,0,0,0,0,0,0,0,0,0,0
VT,Vermont,New England,Northeast,2024,648493,4.75,0.732467,165,25.443605,165,25.443605,4.416667,0.681066,175,26.985642,175,26.985642,1,0,1,0,0,1,98,4,3,0,0,0,0,0,0,0,0,0,0,0,0,0,0,0,0
WA,Washington,Pacific,West,2024,7958180,231.416667,2.907909,2342,29.428839,2342,29.428839,254.5,3.197967,2537,31.879148,2537,31.879148,0,0,0,0,0,0,5140,15,10,3,4358,42350.004546,3,0,0,0,0,119,183360,637498.415216,38,0,0,0,0
WI,Wisconsin,East North Central,Midwest,2024,5960975,40.916667,0.686409,708,11.877252,708,11.877252,61.166667,1.026118,808,13.55483,808,13.55483,2,1,1,0,0,2,1568,12,7,6,2449,33830.083165,6,0,0,0,0,17,980,15572.043,4,0,0,0,0
WV,West Virginia,South Atlantic,South,2024,1769979,27.666667,1.563107,586,33.107737,586,33.107737,37,2.09042,636,35.93263,636,35.93263,2,0,2,0,0,2,3410,18,14,0,0,0,0,0,0,0,0,0,0,0,0,0,0,0,0
WY,Wyoming,Mountain,West,2024,587618,1.166667,0.198542,24.166667,4.112649,35,5.95625,4.666667,0.794167,58.666667,9.98381,58,9.870358,1,0,0,1,0,1,661,7,7,0,0,0,0,0,0,0,0,1,865,33739.31,1,0,0,0,0
AK,Alaska,Pacific,West,2025,740133,12.083333,1.632589,168.75,22.799956,217,29.319055,17,2.296884,190,25.671062,241,32.561715,0,0,0,0,0,0,432,6,3,0,0,0,0,0,0,0,0,0,0,0,0,0,0,0,0
AL,Alabama,East South Central,South,2025,5157699,27.916667,0.541262,327.25,6.344884,484,9.38403,32.666667,0.633357,383,7.425792,557,10.799389,6,1,4,1,0,6,312,7,6,0,0,0,0,0,0,0,0,0,0,0,0,0,0,0,0
AR,Arkansas,West South Central,South,2025,3088354,15.333333,0.496489,91.666667,2.96814,117,3.788426,21.916667,0.709655,114.25,3.699382,152,4.921716,9,2,5,1,3,11,593,9,7,0,0,0,0,0,0,0,0,0,0,0,0,0,0,0,0
AZ,Arizona,Mountain,West,2025,7582384,126.916667,1.673836,1569.25,20.695997,1953,25.757071,157,2.070589,1724,22.736912,2176,28.698098,1,0,1,0,0,1,8623,12,9,0,0,0,0,0,0,0,0,0,0,0,0,0,0,0,0
CA,California,Pacific,West,2025,39431263,299.916667,0.760606,3690.25,9.358691,4667,11.835786,362,0.918053,4161,10.552541,5336,13.53241,5,2,0,0,3,5,12275,29,24,58,136976,807327.701555,14,0,0,0,0,83,98921,236230.331,44,0,0,0,0
CO,Colorado,Mountain,West,2025,5957494,71.833333,1.205764,715.666667,12.012881,957,16.063801,92.333333,1.549869,812.666667,13.641082,1135,19.051635,8,3,3,0,2,8,1699,9,7,1,6120,18512.714347,1,0,0,0,0,0,0,0,0,0,0,0,0
CT,Connecticut,New England,Northeast,2025,3675069,44.833333,1.219932,485.5,13.210636,620,16.870432,47.166667,1.283423,563.5,15.333045,718,19.537048,0,0,0,0,0,0,835,13,10,1,15000,0,1,0,0,0,0,235,862,136176.343,9,0,0,0,0
DE,Delaware,South Atlantic,South,2025,1051917,7,0.665452,189,17.967197,246,23.385876,10.083333,0.958567,203.75,19.369399,270,25.667424,0,0,0,0,0,0,56,4,4,2,4029,245906.548216,1,0,0,0,0,0,0,0,0,0,0,0,0
FL,Florida,South Atlantic,South,2025,23372215,,,,,,,,,,,,,5,0,3,1,1,5,7503,17,13,2,0,0,1,0,0,0,0,5,0,60240.603,5,0,0,0,0
GA,Georgia,South Atlantic,South,2025,11180878,63.416667,0.567189,538.75,4.818495,784,7.011972,80.333333,0.718489,682,6.0997,954,8.532425,1,0,1,0,0,1,860,8,6,3,45552,191883.106126,2,0,0,0,0,14,7544,132920.914,8,0,0,0,0
HI,Hawaii,Pacific,West,2025,1446146,,,,,,,9.833333,0.679968,9.833333,0.679968,115,7.952171,0,0,0,0,0,0,54,3,3,0,0,0,0,0,0,0,0,0,0,0,0,0,0,0,0
IA,Iowa,West North Central,Midwest,2025,3241488,1.666667,0.051417,50,1.542501,100,3.085003,0.666667,0.020567,65,2.005252,148,4.565804,1,0,1,0,0,1,822,9,7,10,83160,422133.799058,3,0,0,0,0,0,0,0,0,0,0,0,0
ID,Idaho,Mountain,West,2025,2001619,4.5,0.224818,97.5,4.871057,116,5.795309,10.833333,0.541229,146.5,7.319075,180,8.99272,1,0,1,0,0,1,921,6,5,0,0,0,0,0,0,0,0,1,0,5,1,0,0,0,0
IL,Illinois,East North Central,Midwest,2025,12710158,59.083333,0.464851,893.75,7.031777,1175,9.244574,79.25,0.623517,1051.25,8.270944,1375,10.818119,2,1,1,0,0,2,4786,13,10,8,101248,494846.778648,6,1,212,3588.639906,1,22,5,27233.314,8,0,0,0,0
IN,Indiana,East North Central,Midwest,2025,6924275,46.666667,0.673957,610,8.809587,795,11.481346,61.666667,0.890587,703,10.152687,912,13.171054,1,0,1,0,0,1,2550,17,13,0,0,0,0,0,0,0,0,0,0,0,0,0,0,0,0
KS,Kansas,West North Central,Midwest,2025,2970606,15.666667,0.52739,182,6.126696,254,8.550444,19.25,0.648016,224.25,7.548965,312,10.502907,4,0,3,0,1,4,745,11,9,0,0,0,0,0,0,0,0,5,1422,26943.975,4,0,0,0,0
KY,Kentucky,East South Central,South,2025,4588372,33.916667,0.739187,435.25,9.485935,639,13.926508,42.416667,0.924438,567.75,12.37367,808,17.609732,7,0,6,0,1,7,274,5,5,4,5808,33231.622119,4,0,0,0,0,0,0,0,0,0,0,0,0
LA,Louisiana,West South Central,South,2025,4597740,,,,,,,,,,,,,4,1,3,0,0,4,2613,13,11,2,6326,3393.242723,2,0,0,0,0,0,0,0,0,0,0,0,0
MA,Massachusetts,New England,Northeast,2025,7136171,51.75,0.725179,676.75,9.483377,913,12.793976,53.083333,0.743863,746.75,10.464295,1016,14.237327,1,0,1,0,0,1,5622,15,12,1,0,0,1,0,0,0,0,0,0,0,0,0,0,0,0
MD,Maryland,South Atlantic,South,2025,6263220,64.083333,1.023169,770.75,12.30597,961,15.343545,75.166667,1.200128,867.5,13.850703,1102,17.594784,3,1,2,0,0,3,2262,13,10,4,4491,50835.789575,4,0,0,0,0,2,0,2905,1,0,0,0,0
ME,Maine,New England,Northeast,2025,1405012,13.166667,0.937121,176.5,12.56217,248,17.651095,7.583333,0.539734,199.25,14.181374,286,20.355698,4,1,3,0,0,4,104,6,6,0,0,0,0,0,0,0,0,0,0,0,0,0,0,0,0
MI,Michigan,East North Central,Midwest,2025,10140459,72.916667,0.719067,72.916667,0.719067,914,9.013399,86.416667,0.852197,86.416667,0.852197,1082,10.670128,0,0,0,0,0,0,512,9,6,1,9900,71902.741935,1,0,0,0,0,32,0,0,3,0,0,0,0
MN,Minnesota,West North Central,Midwest,2025,5793151,34.333333,0.592654,464,8.009458,570,9.839205,45.333333,0.782533,524,9.045164,660,11.392764,3,2,1,0,0,3,1549,13,10,0,0,0,0,0,0,0,0,49,54,54603.014,4,0,0,0,0
MO,Missouri,West North Central,Midwest,2025,6245466,36.416667,0.58309,530.75,8.498165,674,10.791829,41.083333,0.657811,585.75,9.378804,757,12.120793,2,0,2,0,0,2,4105,12,10,0,0,0,0,0,0,0,0,3,0,33095.58,2,0,0,0,0
MS,Mississippi,East South Central,South,2025,2943045,9.833333,0.334121,158.5,5.385579,213,7.237402,17.25,0.586128,197.25,6.702242,258,8.766431,1,0,1,0,0,1,154,6,5,0,0,0,0,0,0,0,0,0,0,0,0,0,0,0,0
MT,Montana,Mountain,West,2025,1137233,3.5,0.307765,72.5,6.375123,87,7.650147,3.083333,0.271126,89.75,7.891962,115,10.112264,2,1,1,0,0,2,1164,15,12,0,0,0,0,0,0,0,0,0,0,0,0,0,0,0,0
NC,North Carolina,South Atlantic,South,2025,11046024,,,,,,,,,,,,,2,1,1,0,0,2,6381,16,12,30,47200,235557.179955,4,1,11440,80567.351771,1,26,3833,167935.036,11,0,0,0,0
ND,North Dakota,West North Central,Midwest,2025,796568,11.916667,1.496001,11.916667,1.496001,41,5.147081,17.833333,2.238771,17.833333,2.238771,70,8.787699,0,0,0,0,0,0,166,5,3,0,0,0,0,0,0,0,0,0,0,0,0,0,0,0,0
NE,Nebraska,West North Central,Midwest,2025,2005466,,,,,,,,,,,,,0,0,0,0,0,0,124,4,3,0,0,0,0,0,0,0,0,0,0,0,0,0,0,0,0
NH,New Hampshire,New England,Northeast,2025,1409032,0,0,126,8.942309,178,12.632786,0,0,142,10.077841,199,14.123171,1,0,1,0,0,1,1101,9,7,0,0,0,0,0,0,0,0,0,0,0,0,0,0,0,0
NJ,New Jersey,Middle Atlantic,Northeast,2025,9500851,58.416667,0.614857,819.75,8.628174,1111,11.693689,71.666667,0.754318,915,9.630716,1234,12.98831,0,0,0,0,0,0,7004,28,25,84,1151324,2871891.432441,23,0,0,0,0,176,6250,590429.438,66,0,0,0,0
NM,New Mexico,Mountain,West,2025,2130256,53.416667,2.507523,437.75,20.549173,542,25.442951,58.416667,2.742237,488.75,22.943252,623,29.245311,0,0,0,0,0,0,2055,12,8,0,0,0,0,0,0,0,0,0,0,0,0,0,0,0,0
NV,Nevada,Mountain,West,2025,3267467,71,2.172937,379,11.599199,731,22.37207,85.166667,2.606504,439,13.435484,863,26.411896,2,2,0,0,0,2,61,5,4,0,0,0,0,0,0,0,0,0,0,0,0,0,0,0,0
NY,New York,Middle Atlantic,Northeast,2025,19867248,33.333333,0.16778,658,3.311984,902,4.540136,36,0.181203,752,3.785124,1074,5.405882,0,0,0,0,0,0,3002,18,14,50,8627494,21739205.151798,12,0,0,0,0,147,91085,18552381.234,10,0,0,0,0
OH,Ohio,East North Central,Midwest,2025,11883304,100.666667,0.847127,1157,9.736349,1445,12.159918,107.75,0.906734,1255.75,10.567347,1627,13.691478,5,0,5,0,0,5,14985,23,19,11,9945,90004.870562,8,0,0,0,0,80,70852,650703.825,53,0,0,0,0
OK,Oklahoma,West South Central,South,2025,4095393,0,0,18.666667,0.455797,410,10.011249,0,0,4.583333,0.111914,483,11.79374,4,0,4,0,0,4,1893,12,9,1,0,0,1,0,0,0,0,0,0,0,0,0,0,0,0
OR,Oregon,Pacific,West,2025,4272371,9.75,0.228211,478,11.188167,769,17.999373,0.333333,0.007802,537.666667,12.584737,864,20.222963,4,0,4,0,0,4,1089,12,8,0,0,0,0,0,0,0,0,0,0,0,0,0,0,0,0
PA,Pennsylvania,Middle Atlantic,Northeast,2025,13078751,,,,,,,,,,,,,0,0,0,0,0,0,9297,14,11,16,14393,68007.604263,6,0,0,0,0,10,41,282612.5,7,0,0,0,0
RI,Rhode Island,New England,Northeast,2025,1112308,9,0.809128,111,9.97925,137,12.316732,6.333333,0.569387,120,10.788379,162,14.564311,2,0,2,0,0,2,726,13,10,0,0,0,0,0,0,0,0,0,0,0,0,0,0,0,0
SC,South Carolina,South Atlantic,South,2025,5478831,41.75,0.762024,540.75,9.869806,732,13.360514,48.75,0.889788,663.75,12.114811,871,15.897552,2,1,1,0,0,2,2121,10,8,0,0,0,0,0,0,0,0,6,154260,365219.491,3,0,0,0,0
SD,South Dakota,West North Central,Midwest,2025,924669,0,0,19.5,2.108863,25,2.70367,0,0,24.916667,2.694658,37,4.001432,1,0,1,0,0,1,10,1,1,0,0,0,0,0,0,0,0,0,0,0,0,0,0,0,0
TN,Tennessee,East South Central,South,2025,7227750,67.666667,0.936207,1042,14.416658,1351,18.691847,76.666667,1.060727,1147,15.869392,1495,20.684169,2,0,2,0,0,2,6536,13,11,3,28704,54547.780476,2,0,0,0,0,5,217226,372698.243,2,0,0,0,0
TX,Texas,West South Central,South,2025,31290831,98.25,0.31399,1094.25,3.497031,1374,4.391063,140,0.447415,1445,4.617966,1871,5.979387,0,0,0,0,0,0,3348,13,10,206,22169703,20774015.231676,34,0,0,0,0,251,8526890,14906267.417816,60,0,0,0,0
UT,Utah,Mountain,West,2025,3503613,10.25,0.292555,203.25,5.801154,260,7.420911,15.583333,0.444779,336.25,9.597236,425,12.130335,0,0,0,0,0,0,1064,7,5,3,1096,4949.220107,3,0,0,0,0,0,0,0,0,0,0,0,0
VA,Virginia,South Atlantic,South,2025,8811195,35.75,0.405734,573.75,6.511603,766,8.693486,48.833333,0.554219,663.5,7.530193,883,10.021342,3,3,0,0,0,3,5787,9,7,8,151432,142085.490349,1,0,0,0,0,0,0,0,0,0,0,0,0
VT,Vermont,New England,Northeast,2025,648493,3.75,0.578264,61.75,9.522077,92,14.186738,5.416667,0.83527,72.75,11.218317,107,16.499793,1,0,1,0,0,1,26,4,4,0,0,0,0,0,0,0,0,0,0,0,0,0,0,0,0
WA,Washington,Pacific,West,2025,7958180,114.416667,1.437724,1702.75,21.396224,2317,29.114697,136.5,1.715216,1859.5,23.365895,2517,31.627835,0,0,0,0,0,0,4252,14,11,2,0,0,1,0,0,0,0,25,30981,178761.017,4,0,0,0,0
WI,Wisconsin,East North Central,Midwest,2025,5960975,24.916667,0.417996,352.25,5.909268,471,7.901392,26.166667,0.438966,393.5,6.601269,568,9.528643,2,1,1,0,0,2,743,6,5,8,4678,27618.607922,7,0,0,0,0,22,1030,19312.718,5,0,0,0,0
WV,West Virginia,South Atlantic,South,2025,1769979,26.666667,1.506609,346,19.548255,441,24.91555,32,1.807931,388,21.921164,491,27.740442,2,0,2,0,0,2,2461,17,14,0,0,0,0,0,0,0,0,0,0,0,0,0,0,0,0
WY,Wyoming,Mountain,West,2025,587618,3.166667,0.538899,12,2.042143,20,3.403572,4.666667,0.794167,36.333333,6.183155,40,6.807143,1,0,0,1,0,1,350,4,4,0,0,0,0,0,0,0,0,0,0,0,0,0,0,0,0
AK,Alaska,Pacific,West,2026,,,,,,,,,,,,,,0,0,0,0,0,0,0,0,0,0,0,0,0,0,0,0,0,0,0,0,0,0,0,0,0
AL,Alabama,East South Central,South,2026,,,,,,,,,,,,,,6,1,4,1,0,6,0,0,0,0,0,0,0,0,0,0,0,0,0,0,0,0,0,0,0
AR,Arkansas,West South Central,South,2026,,,,,,,,,,,,,,9,2,5,1,3,11,0,0,0,0,0,0,0,0,0,0,0,0,0,0,0,0,0,0,0
AZ,Arizona,Mountain,West,2026,,,,,,,,,,,,,,1,0,1,0,0,1,0,0,0,0,0,0,0,0,0,0,0,0,0,0,0,0,0,0,0
CA,California,Pacific,West,2026,,,,,,,,,,,,,,5,2,0,0,3,5,0,0,0,8,9770,0,5,0,0,0,0,0,0,0,0,0,0,0,0
CO,Colorado,Mountain,West,2026,,,,,,,,,,,,,,8,3,3,0,2,8,0,0,0,0,0,0,0,0,0,0,0,0,0,0,0,0,0,0,0
CT,Connecticut,New England,Northeast,2026,,,,,,,,,,,,,,0,0,0,0,0,0,0,0,0,0,0,0,0,0,0,0,0,1,0,0,1,0,0,0,0
DE,Delaware,South Atlantic,South,2026,,,,,,,,,,,,,,0,0,0,0,0,0,0,0,0,0,0,0,0,0,0,0,0,0,0,0,0,0,0,0,0
FL,Florida,South Atlantic,South,2026,,,,,,,,,,,,,,5,0,3,1,1,5,0,0,0,0,0,0,0,0,0,0,0,0,0,0,0,0,0,0,0
GA,Georgia,South Atlantic,South,2026,,,,,,,,,,,,,,1,0,1,0,0,1,0,0,0,0,0,0,0,0,0,0,0,0,0,0,0,0,0,0,0
HI,Hawaii,Pacific,West,2026,,,,,,,,,,,,,,0,0,0,0,0,0,0,0,0,0,0,0,0,0,0,0,0,0,0,0,0,0,0,0,0
IA,Iowa,West North Central,Midwest,2026,,,,,,,,,,,,,,1,0,1,0,0,1,0,0,0,0,0,0,0,0,0,0,0,0,0,0,0,0,0,0,0
ID,Idaho,Mountain,West,2026,,,,,,,,,,,,,,1,0,1,0,0,1,0,0,0,0,0,0,0,0,0,0,0,0,0,0,0,0,0,0,0
IL,Illinois,East North Central,Midwest,2026,,,,,,,,,,,,,,2,1,1,0,0,2,0,0,0,0,0,0,0,0,0,0,0,0,0,0,0,0,0,0,0
IN,Indiana,East North Central,Midwest,2026,,,,,,,,,,,,,,1,0,1,0,0,1,0,0,0,0,0,0,0,0,0,0,0,0,0,0,0,0,0,0,0
KS,Kansas,West North Central,Midwest,2026,,,,,,,,,,,,,,4,0,3,0,1,4,0,0,0,0,0,0,0,0,0,0,0,0,0,0,0,0,0,0,0
KY,Kentucky,East South Central,South,2026,,,,,,,,,,,,,,7,0,6,0,1,7,0,0,0,0,0,0,0,0,0,0,0,0,0,0,0,0,0,0,0
LA,Louisiana,West South Central,South,2026,,,,,,,,,,,,,,4,1,3,0,0,4,0,0,0,0,0,0,0,0,0,0,0,0,0,0,0,0,0,0,0
MA,Massachusetts,New England,Northeast,2026,,,,,,,,,,,,,,1,0,1,0,0,1,0,0,0,0,0,0,0,0,0,0,0,0,0,0,0,0,0,0,0
MD,Maryland,South Atlantic,South,2026,,,,,,,,,,,,,,3,1,2,0,0,3,0,0,0,0,0,0,0,0,0,0,0,0,0,0,0,0,0,0,0
ME,Maine,New England,Northeast,2026,,,,,,,,,,,,,,4,1,3,0,0,4,0,0,0,0,0,0,0,0,0,0,0,4,0,0,1,0,0,0,0
MI,Michigan,East North Central,Midwest,2026,,,,,,,,,,,,,,0,0,0,0,0,0,0,0,0,0,0,0,0,0,0,0,0,5,0,0,2,0,0,0,0
MN,Minnesota,West North Central,Midwest,2026,,,,,,,,,,,,,,3,2,1,0,0,3,0,0,0,0,0,0,0,0,0,0,0,0,0,0,0,0,0,0,0
MO,Missouri,West North Central,Midwest,2026,,,,,,,,,,,,,,2,0,2,0,0,2,0,0,0,0,0,0,0,0,0,0,0,0,0,0,0,0,0,0,0
MS,Mississippi,East South Central,South,2026,,,,,,,,,,,,,,1,0,1,0,0,1,0,0,0,0,0,0,0,0,0,0,0,0,0,0,0,0,0,0,0
MT,Montana,Mountain,West,2026,,,,,,,,,,,,,,2,1,1,0,0,2,0,0,0,0,0,0,0,0,0,0,0,0,0,0,0,0,0,0,0
NC,North Carolina,South Atlantic,South,2026,,,,,,,,,,,,,,2,1,1,0,0,2,0,0,0,1,11440,0,1,1,11440,0,1,0,0,0,0,0,0,0,0
ND,North Dakota,West North Central,Midwest,2026,,,,,,,,,,,,,,0,0,0,0,0,0,0,0,0,0,0,0,0,0,0,0,0,0,0,0,0,0,0,0,0
NE,Nebraska,West North Central,Midwest,2026,,,,,,,,,,,,,,0,0,0,0,0,0,0,0,0,0,0,0,0,0,0,0,0,0,0,0,0,0,0,0,0
NH,New Hampshire,New England,Northeast,2026,,,,,,,,,,,,,,1,0,1,0,0,1,0,0,0,0,0,0,0,0,0,0,0,0,0,0,0,0,0,0,0
NJ,New Jersey,Middle Atlantic,Northeast,2026,,,,,,,,,,,,,,0,0,0,0,0,0,0,0,0,1,19890,0,1,0,0,0,0,5,300000,215111.15625,2,0,0,0,0
NM,New Mexico,Mountain,West,2026,,,,,,,,,,,,,,0,0,0,0,0,0,0,0,0,0,0,0,0,0,0,0,0,0,0,0,0,0,0,0,0
NV,Nevada,Mountain,West,2026,,,,,,,,,,,,,,2,2,0,0,0,2,0,0,0,0,0,0,0,0,0,0,0,0,0,0,0,0,0,0,0
NY,New York,Middle Atlantic,Northeast,2026,,,,,,,,,,,,,,0,0,0,0,0,0,0,0,0,2,42000,0,1,0,0,0,0,0,0,0,0,0,0,0,0
OH,Ohio,East North Central,Midwest,2026,,,,,,,,,,,,,,5,0,5,0,0,5,0,0,0,0,0,0,0,0,0,0,0,0,0,0,0,0,0,0,0
OK,Oklahoma,West South Central,South,2026,,,,,,,,,,,,,,4,0,4,0,0,4,0,0,0,0,0,0,0,0,0,0,0,0,0,0,0,0,0,0,0
OR,Oregon,Pacific,West,2026,,,,,,,,,,,,,,4,0,4,0,0,4,0,0,0,0,0,0,0,0,0,0,0,0,0,0,0,0,0,0,0
PA,Pennsylvania,Middle Atlantic,Northeast,2026,,,,,,,,,,,,,,0,0,0,0,0,0,0,0,0,0,0,0,0,0,0,0,0,2,0,0,1,0,0,0,0
RI,Rhode Island,New England,Northeast,2026,,,,,,,,,,,,,,2,0,2,0,0,2,0,0,0,0,0,0,0,0,0,0,0,0,0,0,0,0,0,0,0
SC,South Carolina,South Atlantic,South,2026,,,,,,,,,,,,,,2,1,1,0,0,2,0,0,0,0,0,0,0,0,0,0,0,0,0,0,0,0,0,0,0
SD,South Dakota,West North Central,Midwest,2026,,,,,,,,,,,,,,1,0,1,0,0,1,0,0,0,0,0,0,0,0,0,0,0,0,0,0,0,0,0,0,0
TN,Tennessee,East South Central,South,2026,,,,,,,,,,,,,,2,0,2,0,0,2,0,0,0,0,0,0,0,0,0,0,0,0,0,0,0,0,0,0,0
TX,Texas,West South Central,South,2026,,,,,,,,,,,,,,0,0,0,0,0,0,0,0,0,13,1300000,800459.763672,8,0,0,0,0,6,600000,852991.832031,3,0,0,0,0
UT,Utah,Mountain,West,2026,,,,,,,,,,,,,,0,0,0,0,0,0,0,0,0,0,0,0,0,0,0,0,0,0,0,0,0,0,0,0,0
VA,Virginia,South Atlantic,South,2026,,,,,,,,,,,,,,3,3,0,0,0,3,0,0,0,0,0,0,0,0,0,0,0,0,0,0,0,0,0,0,0
VT,Vermont,New England,Northeast,2026,,,,,,,,,,,,,,1,0,1,0,0,1,0,0,0,0,0,0,0,0,0,0,0,0,0,0,0,0,0,0,0
WA,Washington,Pacific,West,2026,,,,,,,,,,,,,,0,0,0,0,0,0,0,0,0,1,2101000,0,1,0,0,0,0,3,300000,131516.296875,1,0,0,0,0
WI,Wisconsin,East North Central,Midwest,2026,,,,,,,,,,,,,,2,1,1,0,0,2,0,0,0,1,550,0,1,0,0,0,0,1,0,0,1,0,0,0,0
WV,West Virginia,South Atlantic,South,2026,,,,,,,,,,,,,,2,0,2,0,0,2,0,0,0,0,0,0,0,0,0,0,0,0,0,0,0,0,0,0,0
WY,Wyoming,Mountain,West,2026,,,,,,,,,,,,,,1,0,0,1,0,1,0,0,0,0,0,0,0,0,0,0,0,0,0,0,0,0,0,0,0
